{
  "type": "FeatureCollection",
  "features": [
    {
      "type": "Feature",
      "geometry": {
        "type": "MultiPolygon",
        "coordinates": [
          [
            [
              [
                121.6101546027,
                17.6485927496,
                37.15
              ],
              [
                121.6101634037,
                17.6486060768,
                38.11
              ],
              [
                121.6101627331,
                17.6486062445,
                38.11
              ],
              [
                121.6101466399,
                17.6485834457,
                38.11
              ],
              [
                121.6101087537,
                17.6485441346,
                38.11
              ],
              [
                121.6100458056,
                17.6485401113,
                38.11
              ],
              [
                121.6099823546,
                17.6485360879,
                38.11
              ],
              [
                121.6099620704,
                17.6484971959,
                38.11
              ],
              [
                121.6099355835,
                17.6484495029,
                37.63
              ],
              [
                121.6099174786,
                17.6484060008,
                37.63
              ],
              [
                121.6099013854,
                17.6483603194,
                38.11
              ],
              [
                121.6099032294,
                17.6483184099,
                39.07
              ],
              [
                121.6098854598,
                17.6482672803,
                39.55
              ],
              [
                121.6098718811,
                17.6482147258,
                39.07
              ],
              [
                121.6098453943,
                17.6481640991,
                38.59
              ],
              [
                121.6098286305,
                17.6481091976,
                38.11
              ],
              [
                121.609807089,
                17.6480511948,
                37.63
              ],
              [
                121.6097855475,
                17.6479884982,
                38.11
              ],
              [
                121.6097678617,
                17.6479245443,
                38.59
              ],
              [
                121.6097490024,
                17.647864949,
                37.63
              ],
              [
                121.6097281314,
                17.6477967203,
                37.63
              ],
              [
                121.6097032372,
                17.6477374602,
                37.15
              ],
              [
                121.6096876469,
                17.6476767752,
                36.67
              ],
              [
                121.6096647643,
                17.6476221252,
                37.15
              ],
              [
                121.6096472461,
                17.6475673914,
                36.67
              ],
              [
                121.6096437257,
                17.6475176867,
                36.67
              ],
              [
                121.6096237767,
                17.647459181,
                37.15
              ],
              [
                121.6096050013,
                17.6473960653,
                37.15
              ],
              [
                121.6095812805,
                17.6473339554,
                37.15
              ],
              [
                121.6095620021,
                17.6472724322,
                36.67
              ],
              [
                121.6095427237,
                17.6472078077,
                36.67
              ],
              [
                121.609527804,
                17.6471423451,
                37.15
              ],
              [
                121.6095117945,
                17.6470848452,
                36.67
              ],
              [
                121.609498132,
                17.6470203884,
                36.67
              ],
              [
                121.6094809491,
                17.6469650678,
                36.67
              ],
              [
                121.6094635986,
                17.6469058078,
                36.67
              ],
              [
                121.6094385367,
                17.6468674187,
                36.19
              ],
              [
                121.6094148159,
                17.6468273532,
                36.19
              ],
              [
                121.6093647759,
                17.6468299516,
                36.67
              ],
              [
                121.6093300749,
                17.6468348969,
                36.67
              ],
              [
                121.6092796996,
                17.6468412671,
                37.15
              ],
              [
                121.6092281509,
                17.6468578633,
                37.63
              ],
              [
                121.6091716569,
                17.6468644012,
                37.15
              ],
              [
                121.60911927,
                17.6468655746,
                37.15
              ],
              [
                121.6090731695,
                17.6468588691,
                37.15
              ],
              [
                121.6090612672,
                17.6468912233,
                36.67
              ],
              [
                121.6090713255,
                17.6469384134,
                36.67
              ],
              [
                121.6090791207,
                17.6469913032,
                37.15
              ],
              [
                121.6090942919,
                17.6470420137,
                37.63
              ],
              [
                121.6091041826,
                17.6470867731,
                37.63
              ],
              [
                121.6091214493,
                17.6471346337,
                38.11
              ],
              [
                121.6091345251,
                17.6471815724,
                38.11
              ],
              [
                121.6091401409,
                17.6472292654,
                38.11
              ],
              [
                121.609151708,
                17.6472773775,
                38.11
              ],
              [
                121.6091643646,
                17.6473294292,
                37.63
              ],
              [
                121.6091791168,
                17.6473852526,
                37.15
              ],
              [
                121.6091913544,
                17.647439735,
                37.63
              ],
              [
                121.6092029214,
                17.6475028507,
                37.63
              ],
              [
                121.6092139855,
                17.6475631166,
                38.11
              ],
              [
                121.6092299111,
                17.647624556,
                37.63
              ],
              [
                121.6092455015,
                17.6476875041,
                37.63
              ],
              [
                121.609260086,
                17.6477457583,
                38.11
              ],
              [
                121.6092698928,
                17.6478075329,
                38.11
              ],
              [
                121.6092861537,
                17.6478699781,
                38.11
              ],
              [
                121.609293865,
                17.6479224488,
                38.11
              ],
              [
                121.6093133949,
                17.6479764283,
                38.59
              ],
              [
                121.6093333438,
                17.6480301563,
                38.59
              ],
              [
                121.6093418933,
                17.648070557,
                38.59
              ],
              [
                121.6093438212,
                17.6481171604,
                39.07
              ],
              [
                121.609348515,
                17.6481624227,
                39.07
              ],
              [
                121.6093501076,
                17.6482081041,
                39.55
              ],
              [
                121.6093579028,
                17.6482531987,
                40.03
              ],
              [
                121.6093716491,
                17.6482959464,
                40.51
              ],
              [
                121.6093844734,
                17.6483292226,
                40.03
              ],
              [
                121.6093857307,
                17.6483682822,
                40.03
              ],
              [
                121.6093929391,
                17.6484021451,
                39.55
              ],
              [
                121.6093959566,
                17.6484478265,
                40.03
              ],
              [
                121.6093981359,
                17.6484988723,
                39.07
              ],
              [
                121.6094074398,
                17.6485468168,
                39.55
              ],
              [
                121.6094202641,
                17.6485926658,
                39.07
              ],
              [
                121.6094171628,
                17.6486349944,
                38.59
              ],
              [
                121.609426802,
                17.6486770716,
                38.59
              ],
              [
                121.6094242875,
                17.6487117726,
                38.59
              ],
              [
                121.6094389558,
                17.6487498265,
                38.59
              ],
              [
                121.6094636824,
                17.6487804204,
                38.59
              ],
              [
                121.6094850563,
                17.648801459,
                38.11
              ],
              [
                121.6095094476,
                17.6488247607,
                38.59
              ],
              [
                121.6095366888,
                17.6488452125,
                38.59
              ],
              [
                121.6095729824,
                17.6488483138,
                39.07
              ],
              [
                121.6096066777,
                17.6488382556,
                38.59
              ],
              [
                121.6096337512,
                17.6488341484,
                39.07
              ],
              [
                121.60966116,
                17.6488188095,
                39.07
              ],
              [
                121.6096916702,
                17.6488079131,
                39.07
              ],
              [
                121.609721845,
                17.6487942506,
                38.59
              ],
              [
                121.609751517,
                17.6487900596,
                37.63
              ],
              [
                121.6097898223,
                17.6487827674,
                37.63
              ],
              [
                121.6098272894,
                17.6487802528,
                37.63
              ],
              [
                121.6098602302,
                17.6487752236,
                37.63
              ],
              [
                121.6098943446,
                17.6487561967,
                37.63
              ],
              [
                121.6099251062,
                17.6487277821,
                37.63
              ],
              [
                121.609971961,
                17.6487182267,
                37.63
              ],
              [
                121.6100181453,
                17.6487130299,
                37.63
              ],
              [
                121.6100570373,
                17.6487083361,
                37.15
              ],
              [
                121.6100814287,
                17.6487115212,
                37.15
              ],
              [
                121.6101089213,
                17.6487147901,
                36.67
              ],
              [
                121.6101437062,
                17.6487012114,
                36.67
              ],
              [
                121.6101481486,
                17.6486832742,
                36.67
              ],
              [
                121.6101435386,
                17.6486531831,
                37.15
              ],
              [
                121.6101468075,
                17.6486073341,
                37.63
              ],
              [
                121.6101547703,
                17.6485888101,
                37.15
              ],
              [
                121.6101546027,
                17.6485927496,
                37.15
              ]
            ]
          ]
        ]
      },
      "properties": {
        "_source": "imported",
        "farmer_nam": "Allan Manulaga",
        "area_ha": 1.1,
        "barangay_1": "Gadu",
        "last_name": "MANULAGA",
        "parcel_id": "Sol-Gad-001"
      }
    },
    {
      "type": "Feature",
      "geometry": {
        "type": "MultiPolygon",
        "coordinates": [
          [
            [
              [
                121.6140636709,
                17.6471452788,
                38.59
              ],
              [
                121.6140147205,
                17.6471727714,
                31.38
              ],
              [
                121.6140208393,
                17.6471475419,
                31.86
              ],
              [
                121.6140155587,
                17.6471344661,
                32.34
              ],
              [
                121.6140189953,
                17.6471047103,
                32.34
              ],
              [
                121.6140183248,
                17.6470858511,
                32.34
              ],
              [
                121.6140282154,
                17.6470658183,
                32.82
              ],
              [
                121.6140272934,
                17.6470510662,
                32.34
              ],
              [
                121.6140212584,
                17.647039583,
                31.86
              ],
              [
                121.6140416265,
                17.6470224001,
                31.38
              ],
              [
                121.6140614916,
                17.6470006909,
                31.38
              ],
              [
                121.6140496731,
                17.6469780598,
                31.86
              ],
              [
                121.6140479967,
                17.6469703484,
                31.86
              ],
              [
                121.6140393633,
                17.6469551772,
                31.38
              ],
              [
                121.6140248626,
                17.6469366532,
                31.86
              ],
              [
                121.6140159778,
                17.6469214819,
                31.86
              ],
              [
                121.6140067577,
                17.6468996052,
                32.34
              ],
              [
                121.6139985435,
                17.6468748786,
                31.86
              ],
              [
                121.6139975376,
                17.6468540914,
                31.86
              ],
              [
                121.6140023153,
                17.6468328014,
                31.86
              ],
              [
                121.6140108649,
                17.6468112599,
                31.38
              ],
              [
                121.6140323225,
                17.6467892155,
                30.42
              ],
              [
                121.614045985,
                17.646760717,
                30.42
              ],
              [
                121.6140462365,
                17.646741271,
                30.9
              ],
              [
                121.6140417941,
                17.646701457,
                31.38
              ],
              [
                121.6140421294,
                17.646682011,
                31.86
              ],
              [
                121.6140329093,
                17.6466635708,
                31.86
              ],
              [
                121.6140166484,
                17.6466451306,
                32.34
              ],
              [
                121.6139889043,
                17.6466383412,
                32.34
              ],
              [
                121.6139844619,
                17.6466351561,
                31.86
              ],
              [
                121.6139817797,
                17.6466211583,
                31.86
              ],
              [
                121.6139791813,
                17.6466025505,
                32.34
              ],
              [
                121.6139775887,
                17.6465913188,
                32.34
              ],
              [
                121.6139738169,
                17.6465767343,
                32.82
              ],
              [
                121.6139711346,
                17.6465612277,
                32.82
              ],
              [
                121.6139460728,
                17.6465556957,
                33.3
              ],
              [
                121.6139195021,
                17.6465610601,
                32.82
              ],
              [
                121.6138858069,
                17.6465625688,
                32.82
              ],
              [
                121.6138563026,
                17.6465608086,
                33.3
              ],
              [
                121.6138376109,
                17.6465607248,
                33.3
              ],
              [
                121.6138050053,
                17.6465591323,
                33.3
              ],
              [
                121.6137728188,
                17.6465581264,
                32.82
              ],
              [
                121.6137589049,
                17.6465570368,
                32.34
              ],
              [
                121.6137584019,
                17.6465309691,
                32.82
              ],
              [
                121.6137541272,
                17.6464967709,
                32.82
              ],
              [
                121.6137478407,
                17.6464677695,
                33.3
              ],
              [
                121.6137413029,
                17.6464430429,
                33.78
              ],
              [
                121.6137355193,
                17.6464175619,
                34.26
              ],
              [
                121.6137248743,
                17.6463852078,
                34.74
              ],
              [
                121.6136984713,
                17.6463648397,
                35.23
              ],
              [
                121.613661591,
                17.6463683601,
                35.71
              ],
              [
                121.6136289015,
                17.6463889796,
                35.71
              ],
              [
                121.6135951225,
                17.6464112755,
                35.71
              ],
              [
                121.6135738324,
                17.6464318112,
                35.23
              ],
              [
                121.6135545541,
                17.6464463957,
                34.26
              ],
              [
                121.6135372035,
                17.6464643329,
                34.26
              ],
              [
                121.6135192662,
                17.6464705355,
                34.26
              ],
              [
                121.6135123093,
                17.6464750618,
                34.26
              ],
              [
                121.6134983953,
                17.6464857068,
                34.74
              ],
              [
                121.6134816315,
                17.6464998722,
                34.26
              ],
              [
                121.6134672146,
                17.646505069,
                34.26
              ],
              [
                121.6134487744,
                17.6465127803,
                34.26
              ],
              [
                121.6134313401,
                17.6465212461,
                33.78
              ],
              [
                121.6134174261,
                17.6465304662,
                33.78
              ],
              [
                121.6134020872,
                17.6465408597,
                33.3
              ],
              [
                121.6133807134,
                17.646550918,
                33.3
              ],
              [
                121.6133620217,
                17.6465590484,
                33.78
              ],
              [
                121.6133430786,
                17.6465707831,
                33.78
              ],
              [
                121.6133273207,
                17.6465831045,
                33.78
              ],
              [
                121.6133078746,
                17.6465940848,
                34.26
              ],
              [
                121.6132992413,
                17.6465947554,
                33.78
              ],
              [
                121.6132892668,
                17.6465950906,
                33.78
              ],
              [
                121.6132802982,
                17.6465935819,
                33.78
              ],
              [
                121.6132708266,
                17.6465962641,
                33.78
              ],
              [
                121.613251213,
                17.6466054004,
                34.74
              ],
              [
                121.6132528894,
                17.6466043107,
                34.26
              ],
              [
                121.6132352035,
                17.6466038916,
                33.78
              ],
              [
                121.613222966,
                17.6466017123,
                33.78
              ],
              [
                121.6132185236,
                17.646609256,
                33.78
              ],
              [
                121.6131991614,
                17.6466136985,
                33.78
              ],
              [
                121.613181727,
                17.6466112677,
                33.78
              ],
              [
                121.6131637897,
                17.6466124412,
                33.3
              ],
              [
                121.6131499596,
                17.6466127764,
                33.3
              ],
              [
                121.6131274961,
                17.6466149557,
                33.78
              ],
              [
                121.6131066252,
                17.6466178056,
                33.78
              ],
              [
                121.6130968183,
                17.6466188952,
                33.78
              ],
              [
                121.6130844969,
                17.6466193143,
                34.26
              ],
              [
                121.6130689904,
                17.6466229185,
                34.26
              ],
              [
                121.61304879,
                17.6466278639,
                34.26
              ],
              [
                121.6130264942,
                17.6466313004,
                34.26
              ],
              [
                121.6130024381,
                17.6466329768,
                34.26
              ],
              [
                121.6129866801,
                17.6466326416,
                34.26
              ],
              [
                121.612964971,
                17.6466360781,
                34.74
              ],
              [
                121.6129483748,
                17.646638928,
                34.74
              ],
              [
                121.6129305214,
                17.6466395147,
                34.26
              ],
              [
                121.612916356,
                17.6466419455,
                33.78
              ],
              [
                121.6129060462,
                17.6466441248,
                33.3
              ],
              [
                121.6128847562,
                17.6466515008,
                33.78
              ],
              [
                121.6128741112,
                17.646649573,
                33.3
              ],
              [
                121.612864472,
                17.6466522552,
                33.3
              ],
              [
                121.6128525697,
                17.6466487348,
                33.3
              ],
              [
                121.6128415056,
                17.6466415264,
                33.3
              ],
              [
                121.6128203832,
                17.6466401853,
                33.3
              ],
              [
                121.6128016915,
                17.6466382574,
                33.78
              ],
              [
                121.6127888672,
                17.6466418616,
                34.26
              ],
              [
                121.6127872746,
                17.6466421969,
                34.26
              ],
              [
                121.6127769649,
                17.6466403529,
                34.26
              ],
              [
                121.6127638891,
                17.6466340665,
                34.74
              ],
              [
                121.6127554234,
                17.6466362458,
                34.74
              ],
              [
                121.6127376538,
                17.646638928,
                34.74
              ],
              [
                121.61272089,
                17.6466489024,
                34.74
              ],
              [
                121.612706976,
                17.6466621459,
                34.74
              ],
              [
                121.6126965825,
                17.6466744673,
                34.74
              ],
              [
                121.6126909666,
                17.6466874592,
                34.74
              ],
              [
                121.6126840096,
                17.646698691,
                34.74
              ],
              [
                121.6126749571,
                17.6467064861,
                34.74
              ],
              [
                121.6126599535,
                17.6467261836,
                35.23
              ],
              [
                121.6126479674,
                17.6467402652,
                35.23
              ],
              [
                121.6126395855,
                17.6467623096,
                35.23
              ],
              [
                121.612634724,
                17.6467711106,
                34.74
              ],
              [
                121.6126282699,
                17.6467887126,
                34.26
              ],
              [
                121.612609243,
                17.6467942446,
                34.74
              ],
              [
                121.6125895455,
                17.6468060631,
                34.26
              ],
              [
                121.6125756316,
                17.6468260959,
                34.26
              ],
              [
                121.6125610471,
                17.6468525827,
                34.26
              ],
              [
                121.6125481389,
                17.646878399,
                34.26
              ],
              [
                121.6125442833,
                17.6469168719,
                34.74
              ],
              [
                121.6125475522,
                17.6469371561,
                34.74
              ],
              [
                121.6125546768,
                17.6469554286,
                35.23
              ],
              [
                121.6125530843,
                17.6469689235,
                35.23
              ],
              [
                121.6125414334,
                17.6469975896,
                35.71
              ],
              [
                121.6125301179,
                17.6470246632,
                35.71
              ],
              [
                121.6125270166,
                17.6470517367,
                35.71
              ],
              [
                121.6125205625,
                17.6470817439,
                35.23
              ],
              [
                121.6125134379,
                17.6471072249,
                35.23
              ],
              [
                121.612505056,
                17.6471324544,
                34.74
              ],
              [
                121.6125070676,
                17.6471529901,
                35.23
              ],
              [
                121.6125056427,
                17.6471531577,
                34.74
              ],
              [
                121.6124942433,
                17.6471578516,
                34.26
              ],
              [
                121.6124733724,
                17.6471643895,
                34.26
              ],
              [
                121.6124512441,
                17.6471731067,
                34.26
              ],
              [
                121.6124275234,
                17.64717713,
                34.26
              ],
              [
                121.6124019586,
                17.6471848413,
                34.26
              ],
              [
                121.6123773996,
                17.6471951511,
                33.78
              ],
              [
                121.6123640724,
                17.6472000964,
                33.78
              ],
              [
                121.6123457998,
                17.6472021081,
                33.78
              ],
              [
                121.6123243421,
                17.647201186,
                33.78
              ],
              [
                121.6123027168,
                17.6472006831,
                33.78
              ],
              [
                121.6122844443,
                17.6472005155,
                33.3
              ],
              [
                121.6122617293,
                17.6472028624,
                33.3
              ],
              [
                121.6122413613,
                17.6472018566,
                33.78
              ],
              [
                121.6122254357,
                17.6472103223,
                34.26
              ],
              [
                121.6122170538,
                17.6472166087,
                34.74
              ],
              [
                121.6121955123,
                17.6472259127,
                34.74
              ],
              [
                121.6121754795,
                17.6472370606,
                35.23
              ],
              [
                121.6121584643,
                17.6472478732,
                35.23
              ],
              [
                121.6121497471,
                17.6472544111,
                35.23
              ],
              [
                121.612134492,
                17.6472648047,
                34.74
              ],
              [
                121.6121157166,
                17.6472716779,
                34.74
              ],
              [
                121.6121024732,
                17.6472834963,
                35.23
              ],
              [
                121.6120873857,
                17.6472903695,
                35.23
              ],
              [
                121.612082608,
                17.64729104,
                34.74
              ],
              [
                121.6120611504,
                17.6472896151,
                35.23
              ],
              [
                121.6120492481,
                17.6472949795,
                35.23
              ],
              [
                121.6120282933,
                17.6472942252,
                35.23
              ],
              [
                121.6119992919,
                17.6473002601,
                35.23
              ],
              [
                121.6119869705,
                17.6473211311,
                35.71
              ],
              [
                121.6119770799,
                17.6473520603,
                35.71
              ],
              [
                121.6119838692,
                17.6473725121,
                35.23
              ],
              [
                121.6119961906,
                17.6473972388,
                35.23
              ],
              [
                121.6120104399,
                17.6474171039,
                35.23
              ],
              [
                121.6120186541,
                17.6474461891,
                34.74
              ],
              [
                121.6120314784,
                17.6474629529,
                34.74
              ],
              [
                121.6120334901,
                17.6474920381,
                34.74
              ],
              [
                121.6120356694,
                17.6475076284,
                35.23
              ],
              [
                121.6120417044,
                17.6475265715,
                35.23
              ],
              [
                121.6120337415,
                17.6475368813,
                34.74
              ],
              [
                121.6120434646,
                17.6475563273,
                34.26
              ],
              [
                121.6120398603,
                17.6475790422,
                34.26
              ],
              [
                121.6120352503,
                17.6476041041,
                34.74
              ],
              [
                121.6120426264,
                17.6476186886,
                35.23
              ],
              [
                121.6120430455,
                17.6476401463,
                35.23
              ],
              [
                121.6120432969,
                17.6476497855,
                34.74
              ],
              [
                121.612043716,
                17.6476604305,
                34.26
              ],
              [
                121.6120229289,
                17.6476757694,
                34.26
              ],
              [
                121.6119971126,
                17.6476906054,
                34.26
              ],
              [
                121.6119771637,
                17.6476984844,
                33.78
              ],
              [
                121.6119550355,
                17.6477168407,
                33.78
              ],
              [
                121.6119317338,
                17.6477281563,
                33.78
              ],
              [
                121.6119115334,
                17.6477471832,
                33.3
              ],
              [
                121.6118858848,
                17.6477628574,
                33.78
              ],
              [
                121.611863086,
                17.6477777772,
                33.78
              ],
              [
                121.6118493397,
                17.6477988157,
                33.78
              ],
              [
                121.6118349228,
                17.6478100475,
                33.78
              ],
              [
                121.6118231043,
                17.6478201896,
                34.26
              ],
              [
                121.6117979586,
                17.647837624,
                33.78
              ],
              [
                121.6117779259,
                17.6478520408,
                34.26
              ],
              [
                121.6117562167,
                17.6478579082,
                33.78
              ],
              [
                121.611738028,
                17.6478643622,
                33.78
              ],
              [
                121.6117122956,
                17.6478742529,
                34.26
              ],
              [
                121.6116902512,
                17.6478958782,
                34.74
              ],
              [
                121.6116665304,
                17.6479070261,
                34.74
              ],
              [
                121.6116521973,
                17.6479143184,
                34.74
              ],
              [
                121.6116306558,
                17.6479270589,
                34.74
              ],
              [
                121.6116084438,
                17.6479414757,
                34.26
              ],
              [
                121.611584723,
                17.6479614247,
                34.26
              ],
              [
                121.6115580685,
                17.6479794458,
                34.26
              ],
              [
                121.6115384549,
                17.6479940303,
                33.78
              ],
              [
                121.6115151532,
                17.6480111293,
                33.78
              ],
              [
                121.611490678,
                17.6480285637,
                33.78
              ],
              [
                121.6114732437,
                17.6480407175,
                33.78
              ],
              [
                121.611448098,
                17.6480507758,
                33.78
              ],
              [
                121.6114131454,
                17.6480495185,
                33.78
              ],
              [
                121.6113775223,
                17.6480505243,
                33.78
              ],
              [
                121.6113537177,
                17.6480584033,
                33.78
              ],
              [
                121.6113396361,
                17.6480822079,
                33.78
              ],
              [
                121.6113287397,
                17.648115484,
                34.26
              ],
              [
                121.6113161668,
                17.6481486764,
                33.78
              ],
              [
                121.611310048,
                17.6481688768,
                34.26
              ],
              [
                121.6113029234,
                17.6481986325,
                34.26
              ],
              [
                121.6112764366,
                17.6482052542,
                34.26
              ],
              [
                121.6112476029,
                17.64822294,
                34.26
              ],
              [
                121.6112175956,
                17.648241464,
                34.26
              ],
              [
                121.6111943778,
                17.6482614968,
                33.78
              ],
              [
                121.6111754347,
                17.6482667774,
                33.3
              ],
              [
                121.6111561563,
                17.6482724771,
                32.82
              ],
              [
                121.6111380514,
                17.6482835412,
                32.82
              ],
              [
                121.6111280769,
                17.6482739858,
                32.82
              ],
              [
                121.6111142468,
                17.6482557971,
                33.3
              ],
              [
                121.611090526,
                17.6482408773,
                33.3
              ],
              [
                121.6110714991,
                17.64821833,
                33.3
              ],
              [
                121.6110499576,
                17.6482166536,
                33.78
              ],
              [
                121.6110245604,
                17.6482279692,
                33.78
              ],
              [
                121.6110041086,
                17.6482440624,
                33.78
              ],
              [
                121.610982148,
                17.6482485048,
                33.78
              ],
              [
                121.610954823,
                17.6482549589,
                33.3
              ],
              [
                121.6109298449,
                17.6482579764,
                33.3
              ],
              [
                121.6109092254,
                17.6482789312,
                33.78
              ],
              [
                121.6109033581,
                17.6483026519,
                34.74
              ],
              [
                121.6109127458,
                17.6483338326,
                34.26
              ],
              [
                121.6109153442,
                17.6483472437,
                34.26
              ],
              [
                121.6109158471,
                17.6483738143,
                34.26
              ],
              [
                121.6109083872,
                17.6483951882,
                34.26
              ],
              [
                121.610916853,
                17.6484138798,
                33.78
              ],
              [
                121.6109280009,
                17.6484319847,
                33.3
              ],
              [
                121.6109445971,
                17.6484473236,
                33.3
              ],
              [
                121.6109602712,
                17.648458723,
                33.3
              ],
              [
                121.6109732632,
                17.6484667696,
                33.3
              ],
              [
                121.6109975707,
                17.6484855451,
                33.3
              ],
              [
                121.6110229678,
                17.6485026442,
                32.82
              ],
              [
                121.6110416595,
                17.6485079248,
                32.82
              ],
              [
                121.6110574175,
                17.6485206652,
                33.3
              ],
              [
                121.611074768,
                17.6485383511,
                33.78
              ],
              [
                121.6110854968,
                17.6485508401,
                33.78
              ],
              [
                121.6110952199,
                17.6485706214,
                33.78
              ],
              [
                121.6111170128,
                17.6485887263,
                33.78
              ],
              [
                121.6111411527,
                17.6486063283,
                33.3
              ],
              [
                121.6111546475,
                17.6486167219,
                33.3
              ],
              [
                121.6111686453,
                17.6486233436,
                33.3
              ],
              [
                121.6111737583,
                17.6486258581,
                33.3
              ],
              [
                121.6111875884,
                17.6486397721,
                32.82
              ],
              [
                121.6112000775,
                17.6486542728,
                32.82
              ],
              [
                121.6112019215,
                17.6486600563,
                33.3
              ],
              [
                121.6112115607,
                17.6486659236,
                32.82
              ],
              [
                121.611221116,
                17.6486839447,
                32.82
              ],
              [
                121.6112314258,
                17.6486898959,
                32.82
              ],
              [
                121.6112464294,
                17.6486953441,
                33.3
              ],
              [
                121.6112565715,
                17.6487049833,
                33.3
              ],
              [
                121.6112648696,
                17.6487145387,
                33.3
              ],
              [
                121.6112805437,
                17.6487276144,
                33.3
              ],
              [
                121.6112962179,
                17.6487408578,
                33.3
              ],
              [
                121.611311473,
                17.6487522572,
                32.82
              ],
              [
                121.6113279853,
                17.6487618126,
                32.34
              ],
              [
                121.6113392171,
                17.6487705298,
                32.34
              ],
              [
                121.6113535501,
                17.6487770677,
                32.34
              ],
              [
                121.6113673802,
                17.648785701,
                32.82
              ],
              [
                121.6113815457,
                17.6487931609,
                33.3
              ],
              [
                121.611401746,
                17.6488022134,
                33.3
              ],
              [
                121.6114222817,
                17.6488070749,
                32.82
              ],
              [
                121.6114350222,
                17.6488126907,
                32.34
              ],
              [
                121.6114511155,
                17.6488198992,
                32.34
              ],
              [
                121.6114776861,
                17.64882694,
                32.34
              ],
              [
                121.6114964616,
                17.6488335617,
                32.82
              ],
              [
                121.6115190927,
                17.6488382556,
                33.3
              ],
              [
                121.6115419753,
                17.6488411054,
                33.78
              ],
              [
                121.6115475073,
                17.6488430332,
                33.78
              ],
              [
                121.611564355,
                17.6488506608,
                33.3
              ],
              [
                121.6115801129,
                17.648850074,
                33.78
              ],
              [
                121.6115934402,
                17.648850996,
                34.26
              ],
              [
                121.6116045043,
                17.6488353219,
                34.26
              ],
              [
                121.6116276383,
                17.6488071587,
                34.74
              ],
              [
                121.6116400436,
                17.6487807557,
                34.74
              ],
              [
                121.6116605792,
                17.648767177,
                35.23
              ],
              [
                121.6116968729,
                17.6487436239,
                35.71
              ],
              [
                121.6117333341,
                17.6487164665,
                35.71
              ],
              [
                121.611774154,
                17.6486847829,
                35.23
              ],
              [
                121.6118142195,
                17.6486571226,
                34.74
              ],
              [
                121.6118571348,
                17.6486210804,
                34.26
              ],
              [
                121.611840874,
                17.6485797577,
                34.74
              ],
              [
                121.6118240263,
                17.6485372614,
                35.23
              ],
              [
                121.6118623316,
                17.6485028956,
                35.23
              ],
              [
                121.6119026486,
                17.6484753191,
                34.74
              ],
              [
                121.6119424626,
                17.6484472398,
                34.74
              ],
              [
                121.6119800974,
                17.648417484,
                35.23
              ],
              [
                121.6120212525,
                17.6483895723,
                35.23
              ],
              [
                121.6120581329,
                17.6483624149,
                35.71
              ],
              [
                121.6120930854,
                17.648336431,
                35.23
              ],
              [
                121.6121302173,
                17.6483092736,
                35.23
              ],
              [
                121.6121689416,
                17.6482843794,
                35.23
              ],
              [
                121.6122054867,
                17.648261413,
                35.23
              ],
              [
                121.6122422833,
                17.6482372731,
                35.71
              ],
              [
                121.6122791637,
                17.6482093614,
                35.71
              ],
              [
                121.6123094223,
                17.6481823716,
                35.23
              ],
              [
                121.6123465542,
                17.6481592376,
                35.23
              ],
              [
                121.6123806685,
                17.6481397077,
                34.74
              ],
              [
                121.6124148667,
                17.6481169928,
                35.23
              ],
              [
                121.6124488134,
                17.6480956189,
                34.74
              ],
              [
                121.6124824248,
                17.6480729878,
                35.23
              ],
              [
                121.6125128511,
                17.6480457466,
                35.23
              ],
              [
                121.6125480551,
                17.6480222773,
                34.74
              ],
              [
                121.6125598736,
                17.6479931083,
                34.74
              ],
              [
                121.6125873663,
                17.6479650289,
                34.74
              ],
              [
                121.6126284376,
                17.6479397994,
                34.74
              ],
              [
                121.6126672458,
                17.6479115523,
                34.74
              ],
              [
                121.6127037071,
                17.647882048,
                34.74
              ],
              [
                121.6127349716,
                17.6478667092,
                34.74
              ],
              [
                121.6127731092,
                17.6478470955,
                34.74
              ],
              [
                121.6128033679,
                17.6478232909,
                34.26
              ],
              [
                121.6128383204,
                17.6478123106,
                34.26
              ],
              [
                121.6128758714,
                17.647793116,
                34.74
              ],
              [
                121.6129023582,
                17.6477784477,
                34.26
              ],
              [
                121.6129423399,
                17.6477579959,
                34.26
              ],
              [
                121.6129813995,
                17.6477331016,
                34.74
              ],
              [
                121.6130180284,
                17.6477090456,
                34.74
              ],
              [
                121.6130397376,
                17.6476939581,
                34.74
              ],
              [
                121.6130650509,
                17.6476775296,
                34.74
              ],
              [
                121.6131050326,
                17.6476626098,
                34.74
              ],
              [
                121.6131393146,
                17.6476538088,
                35.23
              ],
              [
                121.6131647117,
                17.6476424932,
                35.23
              ],
              [
                121.6131989937,
                17.6476244722,
                35.23
              ],
              [
                121.6132305935,
                17.6475954708,
                35.23
              ],
              [
                121.6132527217,
                17.6475751027,
                35.23
              ],
              [
                121.6132898536,
                17.6475501247,
                34.74
              ],
              [
                121.6133221239,
                17.6475238893,
                35.23
              ],
              [
                121.6133499518,
                17.6475146692,
                35.23
              ],
              [
                121.613390604,
                17.647503186,
                35.71
              ],
              [
                121.613423964,
                17.6474860869,
                36.19
              ],
              [
                121.6134566534,
                17.6474668924,
                36.19
              ],
              [
                121.6134761833,
                17.6474450156,
                35.71
              ],
              [
                121.613497138,
                17.6474310178,
                34.74
              ],
              [
                121.6135168355,
                17.6474158466,
                35.71
              ],
              [
                121.6135516204,
                17.6473981608,
                36.19
              ],
              [
                121.6135866567,
                17.647382319,
                36.67
              ],
              [
                121.613629153,
                17.6473567542,
                37.63
              ],
              [
                121.6136735771,
                17.6473391522,
                38.11
              ],
              [
                121.6137167439,
                17.6473185327,
                38.59
              ],
              [
                121.6137581505,
                17.6472996734,
                38.59
              ],
              [
                121.6137843858,
                17.6472815685,
                38.59
              ],
              [
                121.6138149798,
                17.6472640503,
                38.59
              ],
              [
                121.6138492618,
                17.6472434308,
                38.59
              ],
              [
                121.6138806101,
                17.6472278405,
                39.07
              ],
              [
                121.6139091924,
                17.6472117472,
                38.59
              ],
              [
                121.6139347572,
                17.6471939776,
                39.07
              ],
              [
                121.6139604058,
                17.6471820753,
                39.55
              ],
              [
                121.6139853839,
                17.6471684966,
                39.07
              ],
              [
                121.6140189953,
                17.6471565943,
                39.07
              ],
              [
                121.6140411235,
                17.6471491344,
                38.59
              ],
              [
                121.6140636709,
                17.6471452788,
                38.59
              ]
            ]
          ]
        ]
      },
      "properties": {
        "_source": "imported",
        "farmer_nam": "Andrea Lingad",
        "area_ha": 3.13,
        "barangay_1": "Gadu",
        "last_name": "LINGAD",
        "parcel_id": "Sol-Gad-002"
      }
    },
    {
      "type": "Feature",
      "geometry": {
        "type": "MultiPolygon",
        "coordinates": [
          [
            [
              [
                121.6095051728,
                17.6459326688,
                36.67
              ],
              [
                121.6095452383,
                17.645941386,
                37.63
              ],
              [
                121.6095448192,
                17.6459397096,
                37.63
              ],
              [
                121.6095205117,
                17.6459458284,
                37.15
              ],
              [
                121.6095034964,
                17.6459465828,
                37.15
              ],
              [
                121.6094525345,
                17.6459498517,
                37.15
              ],
              [
                121.6094008181,
                17.6459601615,
                37.15
              ],
              [
                121.6093510296,
                17.6459739078,
                37.15
              ],
              [
                121.6093040071,
                17.6459933538,
                37.15
              ],
              [
                121.6092602536,
                17.6460007299,
                36.67
              ],
              [
                121.6092274804,
                17.6460186671,
                36.19
              ],
              [
                121.6091763508,
                17.6460296474,
                36.67
              ],
              [
                121.6091217007,
                17.646038197,
                36.67
              ],
              [
                121.6090759356,
                17.6460487582,
                36.67
              ],
              [
                121.6090263985,
                17.6460713055,
                36.67
              ],
              [
                121.6089828126,
                17.6461001392,
                36.67
              ],
              [
                121.6089424957,
                17.6461222675,
                36.19
              ],
              [
                121.608896479,
                17.6461320743,
                36.19
              ],
              [
                121.6088571679,
                17.6461487543,
                36.19
              ],
              [
                121.6088210419,
                17.6461706311,
                36.19
              ],
              [
                121.6087793,
                17.6461829524,
                35.71
              ],
              [
                121.6087365523,
                17.6462029014,
                35.71
              ],
              [
                121.60869129,
                17.646203069,
                35.23
              ],
              [
                121.6086559184,
                17.646203069,
                35.23
              ],
              [
                121.608623229,
                17.6462148875,
                35.71
              ],
              [
                121.6085928865,
                17.6462355908,
                35.71
              ],
              [
                121.6085646395,
                17.6462443918,
                35.71
              ],
              [
                121.6085298546,
                17.64626191,
                35.23
              ],
              [
                121.6084918007,
                17.6462792605,
                36.19
              ],
              [
                121.6084563453,
                17.6462845411,
                37.15
              ],
              [
                121.6084157769,
                17.646297114,
                37.15
              ],
              [
                121.6083870269,
                17.6463200804,
                37.15
              ],
              [
                121.6083514038,
                17.646339694,
                37.15
              ],
              [
                121.6083042976,
                17.6463447232,
                37.15
              ],
              [
                121.6082643997,
                17.6463472378,
                37.15
              ],
              [
                121.6082500666,
                17.6463584695,
                36.67
              ],
              [
                121.6082070675,
                17.6463677734,
                36.67
              ],
              [
                121.6081706062,
                17.6464047376,
                37.15
              ],
              [
                121.608129032,
                17.6464253571,
                37.15
              ],
              [
                121.6080925707,
                17.6464622375,
                37.15
              ],
              [
                121.6080463864,
                17.6464757323,
                37.15
              ],
              [
                121.6079949215,
                17.6464891434,
                37.15
              ],
              [
                121.6079779062,
                17.6464893948,
                37.63
              ],
              [
                121.6079606395,
                17.6465000398,
                37.15
              ],
              [
                121.6079304647,
                17.6465160493,
                37.63
              ],
              [
                121.6079079174,
                17.6465229224,
                37.63
              ],
              [
                121.6078681871,
                17.6465358306,
                37.63
              ],
              [
                121.6078224219,
                17.646564329,
                37.63
              ],
              [
                121.6077622399,
                17.6465829369,
                38.11
              ],
              [
                121.6077200789,
                17.6465908997,
                38.11
              ],
              [
                121.6077212524,
                17.6466027182,
                38.11
              ],
              [
                121.6077256948,
                17.6466419455,
                38.11
              ],
              [
                121.607732987,
                17.6466808375,
                38.11
              ],
              [
                121.6077321488,
                17.6467294525,
                38.59
              ],
              [
                121.6077291314,
                17.6467740443,
                38.59
              ],
              [
                121.6077189893,
                17.6468139421,
                38.11
              ],
              [
                121.607673727,
                17.646849649,
                38.11
              ],
              [
                121.6076391097,
                17.6468822546,
                38.11
              ],
              [
                121.6076117009,
                17.6469264273,
                38.11
              ],
              [
                121.607570881,
                17.6469649002,
                38.11
              ],
              [
                121.6075243615,
                17.6469977573,
                37.63
              ],
              [
                121.6074843798,
                17.6470206399,
                38.11
              ],
              [
                121.6074628383,
                17.6470569335,
                38.11
              ],
              [
                121.6074593179,
                17.6470720209,
                38.11
              ],
              [
                121.607482871,
                17.6470688358,
                38.59
              ],
              [
                121.6075230204,
                17.647064561,
                38.11
              ],
              [
                121.6075683665,
                17.6470641419,
                38.11
              ],
              [
                121.6076216754,
                17.6470517367,
                37.63
              ],
              [
                121.6076702904,
                17.647040505,
                37.63
              ],
              [
                121.6077202465,
                17.6470268425,
                38.11
              ],
              [
                121.607767269,
                17.6470200531,
                38.59
              ],
              [
                121.607807586,
                17.6469991822,
                39.07
              ],
              [
                121.6078600567,
                17.6469915546,
                39.07
              ],
              [
                121.6079152934,
                17.6469892915,
                39.07
              ],
              [
                121.6079760622,
                17.6469875313,
                39.07
              ],
              [
                121.6080343165,
                17.6469784789,
                39.07
              ],
              [
                121.6080882121,
                17.6469791494,
                38.59
              ],
              [
                121.6081358213,
                17.6469628885,
                39.07
              ],
              [
                121.6081859451,
                17.6469519921,
                39.07
              ],
              [
                121.6082380805,
                17.6469454542,
                39.07
              ],
              [
                121.6082890425,
                17.6469459571,
                39.07
              ],
              [
                121.6083475482,
                17.6469381619,
                38.59
              ],
              [
                121.6084016114,
                17.6469291933,
                38.59
              ],
              [
                121.6084488016,
                17.6469250023,
                38.59
              ],
              [
                121.6084903758,
                17.6469315402,
                38.59
              ],
              [
                121.6085332073,
                17.6469213143,
                38.59
              ],
              [
                121.6085705068,
                17.6469102502,
                38.59
              ],
              [
                121.6086096503,
                17.6468948275,
                38.59
              ],
              [
                121.6086509731,
                17.6468766388,
                39.07
              ],
              [
                121.6086907033,
                17.6468795724,
                39.07
              ],
              [
                121.6087368876,
                17.6468794048,
                39.07
              ],
              [
                121.6087679006,
                17.6468773093,
                38.59
              ],
              [
                121.6088129953,
                17.6468725316,
                38.59
              ],
              [
                121.6088641249,
                17.6468740404,
                38.59
              ],
              [
                121.6089109797,
                17.6468581986,
                38.59
              ],
              [
                121.608958086,
                17.6468467992,
                38.59
              ],
              [
                121.6090103053,
                17.64683716,
                38.11
              ],
              [
                121.6090621892,
                17.6468308736,
                37.63
              ],
              [
                121.6091204435,
                17.6468240004,
                37.15
              ],
              [
                121.6091762669,
                17.6468149479,
                37.15
              ],
              [
                121.6092307493,
                17.6468100026,
                37.15
              ],
              [
                121.609280454,
                17.6468015369,
                37.15
              ],
              [
                121.6093294043,
                17.6467966754,
                36.67
              ],
              [
                121.6093801986,
                17.646784354,
                36.67
              ],
              [
                121.6094348487,
                17.6467768103,
                36.67
              ],
              [
                121.6094931867,
                17.6467735413,
                36.67
              ],
              [
                121.6095482558,
                17.6467599627,
                36.19
              ],
              [
                121.6096058395,
                17.6467459649,
                36.19
              ],
              [
                121.6096714698,
                17.6467378344,
                36.19
              ],
              [
                121.6097371001,
                17.6467323862,
                36.19
              ],
              [
                121.6097365133,
                17.6467353199,
                36.19
              ],
              [
                121.6097202525,
                17.6466913987,
                36.19
              ],
              [
                121.6096994653,
                17.646636581,
                36.67
              ],
              [
                121.6096752416,
                17.6465840265,
                36.67
              ],
              [
                121.6096454021,
                17.6465358306,
                37.15
              ],
              [
                121.6096298117,
                17.6464826055,
                37.15
              ],
              [
                121.6096174065,
                17.6464283746,
                37.15
              ],
              [
                121.6096081026,
                17.6463708747,
                37.15
              ],
              [
                121.609591255,
                17.6463122852,
                37.63
              ],
              [
                121.6095797718,
                17.646255875,
                37.15
              ],
              [
                121.6095697135,
                17.6462051645,
                37.15
              ],
              [
                121.6095533688,
                17.6461492572,
                37.15
              ],
              [
                121.6095381975,
                17.6460992172,
                37.15
              ],
              [
                121.6095255408,
                17.6460425556,
                36.67
              ],
              [
                121.609510202,
                17.6459925994,
                36.19
              ],
              [
                121.6095077712,
                17.6459428947,
                36.67
              ],
              [
                121.6095061786,
                17.6459317468,
                36.67
              ],
              [
                121.6095051728,
                17.6459326688,
                36.67
              ]
            ]
          ]
        ]
      },
      "properties": {
        "_source": "imported",
        "farmer_nam": "Ferdinand Malupeng",
        "area_ha": 1.5,
        "barangay_1": "Gadu",
        "last_name": "MALUPENG",
        "parcel_id": "Sol-Gad-003"
      }
    },
    {
      "type": "Feature",
      "geometry": {
        "type": "MultiPolygon",
        "coordinates": [
          [
            [
              [
                121.6108380631,
                17.648032587,
                40.99
              ],
              [
                121.6108244844,
                17.6480465848,
                38.11
              ],
              [
                121.6108242329,
                17.6480467524,
                37.63
              ],
              [
                121.610851055,
                17.6480397955,
                37.63
              ],
              [
                121.6108967364,
                17.64802563,
                37.63
              ],
              [
                121.6109447647,
                17.6480022445,
                37.63
              ],
              [
                121.6109808069,
                17.6479809545,
                37.63
              ],
              [
                121.6110145021,
                17.6479483489,
                38.11
              ],
              [
                121.6110527236,
                17.6479137316,
                37.63
              ],
              [
                121.6111029312,
                17.6479026675,
                37.63
              ],
              [
                121.6111690644,
                17.6479009911,
                37.15
              ],
              [
                121.6112190206,
                17.6478847302,
                37.15
              ],
              [
                121.6112568229,
                17.6478579082,
                37.63
              ],
              [
                121.6112863272,
                17.6478247996,
                37.63
              ],
              [
                121.6113159992,
                17.647789428,
                37.63
              ],
              [
                121.6113418993,
                17.6477590017,
                37.63
              ],
              [
                121.6113778576,
                17.6477367058,
                37.63
              ],
              [
                121.6114182584,
                17.647710219,
                37.15
              ],
              [
                121.6114719026,
                17.6476981491,
                36.67
              ],
              [
                121.6115211882,
                17.647684738,
                36.67
              ],
              [
                121.6115710605,
                17.6476730034,
                36.67
              ],
              [
                121.611616239,
                17.6476528868,
                37.15
              ],
              [
                121.6116646864,
                17.647641236,
                37.15
              ],
              [
                121.6117151454,
                17.6476335246,
                36.67
              ],
              [
                121.6117404588,
                17.6476169284,
                37.15
              ],
              [
                121.6117345914,
                17.6475720014,
                38.11
              ],
              [
                121.6117223538,
                17.6475271583,
                38.11
              ],
              [
                121.6117113736,
                17.6474829856,
                37.63
              ],
              [
                121.6116960347,
                17.6474315207,
                37.63
              ],
              [
                121.6117016505,
                17.6473808102,
                37.63
              ],
              [
                121.6116988007,
                17.6473400742,
                37.15
              ],
              [
                121.6117014829,
                17.6472890284,
                37.15
              ],
              [
                121.6117252037,
                17.6472469512,
                37.15
              ],
              [
                121.6117376089,
                17.6471989229,
                37.63
              ],
              [
                121.6117700469,
                17.6471596956,
                37.63
              ],
              [
                121.6118208412,
                17.6471226476,
                37.63
              ],
              [
                121.6118707135,
                17.6470943168,
                37.63
              ],
              [
                121.6119176522,
                17.6470708475,
                37.63
              ],
              [
                121.6119734757,
                17.6470516529,
                37.63
              ],
              [
                121.6120282095,
                17.6470249146,
                37.63
              ],
              [
                121.612081686,
                17.6470101625,
                37.63
              ],
              [
                121.6121329833,
                17.646986274,
                36.67
              ],
              [
                121.6121897288,
                17.6469840109,
                36.19
              ],
              [
                121.612236416,
                17.6469783112,
                36.67
              ],
              [
                121.6122619808,
                17.6469686721,
                36.19
              ],
              [
                121.6122635733,
                17.6469243318,
                36.67
              ],
              [
                121.6122469772,
                17.6468805782,
                36.19
              ],
              [
                121.6122274473,
                17.6468251739,
                36.67
              ],
              [
                121.6122114379,
                17.6467771456,
                36.67
              ],
              [
                121.6121944226,
                17.6467204001,
                36.67
              ],
              [
                121.6121699475,
                17.6466693543,
                37.15
              ],
              [
                121.6121397726,
                17.6466209907,
                37.63
              ],
              [
                121.6120869666,
                17.6466026343,
                37.63
              ],
              [
                121.6120344959,
                17.646599533,
                38.11
              ],
              [
                121.611976577,
                17.6466058195,
                37.15
              ],
              [
                121.6119279619,
                17.6466069929,
                37.15
              ],
              [
                121.6118714679,
                17.6466093399,
                37.15
              ],
              [
                121.6118177399,
                17.6466079988,
                37.15
              ],
              [
                121.6117525287,
                17.6466153748,
                37.15
              ],
              [
                121.6116965376,
                17.6466228347,
                36.67
              ],
              [
                121.6116495151,
                17.6466500759,
                36.19
              ],
              [
                121.6116040014,
                17.6466773171,
                36.67
              ],
              [
                121.6115566436,
                17.6466950029,
                36.19
              ],
              [
                121.6115062684,
                17.6467052288,
                36.19
              ],
              [
                121.6114443261,
                17.6467160415,
                36.19
              ],
              [
                121.6113880835,
                17.6467189752,
                36.19
              ],
              [
                121.6113363672,
                17.6467054803,
                35.71
              ],
              [
                121.6112871654,
                17.6466911472,
                35.23
              ],
              [
                121.6112388857,
                17.6466629002,
                35.23
              ],
              [
                121.6111965571,
                17.6466346532,
                35.71
              ],
              [
                121.6111549828,
                17.6466080826,
                35.71
              ],
              [
                121.6111148335,
                17.6465817634,
                35.71
              ],
              [
                121.61107569,
                17.6465604734,
                36.19
              ],
              [
                121.6110342834,
                17.6465608086,
                36.19
              ],
              [
                121.6109879315,
                17.6465534326,
                35.71
              ],
              [
                121.6109342873,
                17.6465693582,
                35.23
              ],
              [
                121.6109162662,
                17.6465349924,
                35.71
              ],
              [
                121.6109104827,
                17.6464834437,
                35.23
              ],
              [
                121.6109064594,
                17.6464311406,
                35.23
              ],
              [
                121.610896904,
                17.6463750657,
                35.71
              ],
              [
                121.6108810622,
                17.6463303901,
                35.71
              ],
              [
                121.6108363029,
                17.6463021431,
                35.71
              ],
              [
                121.6107883584,
                17.6462826133,
                35.71
              ],
              [
                121.6107626259,
                17.6462376863,
                36.19
              ],
              [
                121.610732954,
                17.6461925078,
                36.19
              ],
              [
                121.6106954031,
                17.6461436413,
                36.19
              ],
              [
                121.6106645577,
                17.6460939366,
                36.19
              ],
              [
                121.6106409207,
                17.6460705511,
                36.67
              ],
              [
                121.6106103268,
                17.6460916735,
                36.67
              ],
              [
                121.6106325388,
                17.6461342536,
                36.67
              ],
              [
                121.6106627136,
                17.6461844612,
                36.19
              ],
              [
                121.6106881946,
                17.6462329086,
                36.19
              ],
              [
                121.6107104905,
                17.6462878101,
                36.19
              ],
              [
                121.6107158549,
                17.6463415381,
                36.19
              ],
              [
                121.610721387,
                17.6463973615,
                36.19
              ],
              [
                121.6107259132,
                17.6464506704,
                36.67
              ],
              [
                121.6107291821,
                17.6465062425,
                36.67
              ],
              [
                121.6107317805,
                17.6465637423,
                36.67
              ],
              [
                121.6107373964,
                17.6466202363,
                36.19
              ],
              [
                121.610747287,
                17.6466727071,
                36.19
              ],
              [
                121.6107515618,
                17.6467289496,
                36.19
              ],
              [
                121.6107564233,
                17.646783432,
                36.19
              ],
              [
                121.6107643861,
                17.6468364894,
                36.19
              ],
              [
                121.6107677389,
                17.6468944922,
                36.19
              ],
              [
                121.6107658111,
                17.6469472982,
                36.67
              ],
              [
                121.610764889,
                17.6470075641,
                36.19
              ],
              [
                121.6107721813,
                17.6470676623,
                36.67
              ],
              [
                121.6107750311,
                17.6471239049,
                37.15
              ],
              [
                121.6107792221,
                17.6471793931,
                37.15
              ],
              [
                121.6107804794,
                17.6472353004,
                37.15
              ],
              [
                121.6107854247,
                17.6472817361,
                36.67
              ],
              [
                121.6107911244,
                17.6473340392,
                37.15
              ],
              [
                121.6107913759,
                17.6473886054,
                37.15
              ],
              [
                121.6108016018,
                17.6474402379,
                37.15
              ],
              [
                121.6108063795,
                17.6474911161,
                37.15
              ],
              [
                121.6108139232,
                17.6475451794,
                37.15
              ],
              [
                121.6108202096,
                17.6476013381,
                37.15
              ],
              [
                121.6108214669,
                17.6476573292,
                37.15
              ],
              [
                121.6108266637,
                17.6477077883,
                37.63
              ],
              [
                121.6108300164,
                17.6477658749,
                37.63
              ],
              [
                121.6108373087,
                17.6478189323,
                38.11
              ],
              [
                121.6108397394,
                17.6478777733,
                39.07
              ],
              [
                121.6108398233,
                17.6479284838,
                39.55
              ],
              [
                121.610835297,
                17.6479806192,
                40.51
              ],
              [
                121.6108380631,
                17.648032587,
                40.99
              ]
            ]
          ]
        ]
      },
      "properties": {
        "_source": "imported",
        "farmer_nam": "James Dulin",
        "area_ha": 1.64,
        "barangay_1": "Gadu",
        "last_name": "DULIN",
        "parcel_id": "Sol-Gad-004"
      }
    },
    {
      "type": "Feature",
      "geometry": {
        "type": "MultiPolygon",
        "coordinates": [
          [
            [
              [
                121.6095054243,
                17.6459204312,
                37.63
              ],
              [
                121.6095188353,
                17.6459382847,
                37.63
              ],
              [
                121.6095390357,
                17.6459766738,
                36.67
              ],
              [
                121.6095565539,
                17.6460274681,
                37.15
              ],
              [
                121.6095671151,
                17.6460846327,
                37.15
              ],
              [
                121.6095826216,
                17.6461351756,
                37.15
              ],
              [
                121.6095976252,
                17.6461892389,
                37.15
              ],
              [
                121.609609779,
                17.6462458167,
                36.67
              ],
              [
                121.6096245311,
                17.6462867204,
                36.67
              ],
              [
                121.6096498445,
                17.6463399455,
                36.19
              ],
              [
                121.6096636746,
                17.6463968586,
                36.19
              ],
              [
                121.6096788459,
                17.6464536879,
                36.67
              ],
              [
                121.6096886527,
                17.6465055719,
                36.67
              ],
              [
                121.6097074281,
                17.6465592999,
                36.19
              ],
              [
                121.6097242758,
                17.6466132794,
                35.71
              ],
              [
                121.6097383574,
                17.646662984,
                35.71
              ],
              [
                121.6097545344,
                17.6467185561,
                35.23
              ],
              [
                121.6097749025,
                17.6467759721,
                35.23
              ],
              [
                121.6097831167,
                17.6468265988,
                35.23
              ],
              [
                121.6098049097,
                17.6468692627,
                35.23
              ],
              [
                121.6098280437,
                17.6469208114,
                35.23
              ],
              [
                121.609839024,
                17.646965906,
                35.23
              ],
              [
                121.6098787542,
                17.646952495,
                35.71
              ],
              [
                121.6099352483,
                17.6469410118,
                35.71
              ],
              [
                121.60999652,
                17.646935815,
                36.19
              ],
              [
                121.610045135,
                17.6469216496,
                36.67
              ],
              [
                121.6100883856,
                17.6469187997,
                36.67
              ],
              [
                121.6101291217,
                17.6469124295,
                36.67
              ],
              [
                121.6101774015,
                17.6469039638,
                36.67
              ],
              [
                121.6102201492,
                17.6468940731,
                36.67
              ],
              [
                121.610260969,
                17.6468911394,
                36.67
              ],
              [
                121.6102878749,
                17.6468657423,
                36.19
              ],
              [
                121.6102836002,
                17.6468484756,
                36.19
              ],
              [
                121.6102705244,
                17.6467991062,
                36.67
              ],
              [
                121.61026516,
                17.6467515808,
                36.67
              ],
              [
                121.6102598794,
                17.6466962602,
                37.15
              ],
              [
                121.6102517489,
                17.6466395147,
                37.63
              ],
              [
                121.610245211,
                17.6465784945,
                37.63
              ],
              [
                121.6102339793,
                17.6465211622,
                37.63
              ],
              [
                121.6102214903,
                17.6464591362,
                37.63
              ],
              [
                121.6102107614,
                17.6463981159,
                37.63
              ],
              [
                121.6101954225,
                17.6463405322,
                38.11
              ],
              [
                121.6101882979,
                17.6462893188,
                38.11
              ],
              [
                121.6101754736,
                17.6462330762,
                38.11
              ],
              [
                121.6101680975,
                17.6461789291,
                38.11
              ],
              [
                121.61016047,
                17.6461279672,
                38.59
              ],
              [
                121.6101515014,
                17.6460796874,
                38.59
              ],
              [
                121.6101466399,
                17.6460267138,
                39.07
              ],
              [
                121.6101361625,
                17.64597659,
                39.07
              ],
              [
                121.6101325583,
                17.6459259633,
                39.07
              ],
              [
                121.6101277806,
                17.6458761748,
                39.07
              ],
              [
                121.6101329774,
                17.6458292361,
                38.59
              ],
              [
                121.6101363301,
                17.6457795314,
                39.07
              ],
              [
                121.6101115197,
                17.6457439084,
                38.59
              ],
              [
                121.6100608092,
                17.6457179245,
                38.59
              ],
              [
                121.6100144573,
                17.6456902642,
                38.11
              ],
              [
                121.6099658422,
                17.6456672139,
                37.63
              ],
              [
                121.6099230945,
                17.6456402242,
                37.63
              ],
              [
                121.6098919977,
                17.6456066128,
                37.63
              ],
              [
                121.6098644212,
                17.6455631945,
                37.63
              ],
              [
                121.6098304745,
                17.6455348637,
                37.15
              ],
              [
                121.6097765788,
                17.6455302536,
                36.67
              ],
              [
                121.6097319871,
                17.6455320138,
                36.19
              ],
              [
                121.609698208,
                17.6455363724,
                36.19
              ],
              [
                121.6096822824,
                17.6455217879,
                36.19
              ],
              [
                121.6096701287,
                17.6455184352,
                36.19
              ],
              [
                121.6096584778,
                17.6455307566,
                36.67
              ],
              [
                121.6096205916,
                17.6455318462,
                37.15
              ],
              [
                121.6095728986,
                17.6455066167,
                37.15
              ],
              [
                121.6095216852,
                17.6454890985,
                37.15
              ],
              [
                121.609474998,
                17.6454738434,
                36.67
              ],
              [
                121.6094441526,
                17.6454642881,
                36.67
              ],
              [
                121.6094409674,
                17.6455133222,
                36.19
              ],
              [
                121.6094531212,
                17.6455595065,
                36.19
              ],
              [
                121.6094500199,
                17.6456047688,
                36.19
              ],
              [
                121.6094605811,
                17.6456536353,
                36.19
              ],
              [
                121.6094701365,
                17.6456971373,
                35.71
              ],
              [
                121.6094765905,
                17.6457406394,
                36.19
              ],
              [
                121.6094861459,
                17.6457963791,
                36.19
              ],
              [
                121.6094929352,
                17.6458513644,
                36.19
              ],
              [
                121.6094995569,
                17.6459087804,
                36.67
              ],
              [
                121.6095094476,
                17.6459436491,
                37.15
              ],
              [
                121.6095121298,
                17.6459543779,
                36.67
              ],
              [
                121.6095054243,
                17.6459204312,
                37.63
              ]
            ]
          ]
        ]
      },
      "properties": {
        "_source": "imported",
        "farmer_nam": "Jessie Carinugan",
        "area_ha": 0.9,
        "barangay_1": "Gadu",
        "last_name": "CARINUGAN",
        "parcel_id": "Sol-Gad-005"
      }
    },
    {
      "type": "Feature",
      "geometry": {
        "type": "MultiPolygon",
        "coordinates": [
          [
            [
              [
                121.6091693938,
                17.6488763094,
                38.59
              ],
              [
                121.6091426555,
                17.6488842722,
                40.03
              ],
              [
                121.6091433261,
                17.6488882955,
                40.51
              ],
              [
                121.6091683879,
                17.6488985214,
                40.99
              ],
              [
                121.609217003,
                17.6489084959,
                41.47
              ],
              [
                121.6092579067,
                17.6489540096,
                40.99
              ],
              [
                121.6093012411,
                17.6489986852,
                40.99
              ],
              [
                121.6093362775,
                17.6490438636,
                41.47
              ],
              [
                121.609393023,
                17.649064986,
                41.47
              ],
              [
                121.6094297357,
                17.6490988489,
                41.47
              ],
              [
                121.6094951145,
                17.649091389,
                41.47
              ],
              [
                121.6095576435,
                17.6490609627,
                41.47
              ],
              [
                121.6096226871,
                17.6490392536,
                40.99
              ],
              [
                121.6096865572,
                17.649019137,
                41.47
              ],
              [
                121.6097545344,
                17.6490026247,
                40.99
              ],
              [
                121.6098263673,
                17.648989046,
                40.51
              ],
              [
                121.6098919138,
                17.6489857771,
                40.03
              ],
              [
                121.609955281,
                17.648973288,
                40.03
              ],
              [
                121.6100152954,
                17.6489477232,
                40.03
              ],
              [
                121.6100586299,
                17.6489641517,
                40.03
              ],
              [
                121.6100476496,
                17.6490149461,
                39.55
              ],
              [
                121.6100512538,
                17.6490716077,
                39.55
              ],
              [
                121.6100327298,
                17.6491263416,
                39.55
              ],
              [
                121.610009009,
                17.6491703466,
                39.55
              ],
              [
                121.6099872999,
                17.6492235716,
                40.03
              ],
              [
                121.6099752299,
                17.6492648106,
                40.03
              ],
              [
                121.6099621542,
                17.6493143477,
                40.03
              ],
              [
                121.6099531855,
                17.6493570115,
                40.03
              ],
              [
                121.6099299677,
                17.6494068839,
                39.55
              ],
              [
                121.6099093482,
                17.6494565047,
                39.55
              ],
              [
                121.6099005472,
                17.6495062094,
                39.55
              ],
              [
                121.6098873038,
                17.6495575067,
                39.55
              ],
              [
                121.60985847,
                17.6496067923,
                40.03
              ],
              [
                121.609847825,
                17.649672674,
                40.03
              ],
              [
                121.6098356713,
                17.6497353707,
                40.03
              ],
              [
                121.6098273732,
                17.6498006657,
                40.03
              ],
              [
                121.6098190751,
                17.6498642005,
                40.51
              ],
              [
                121.6098059993,
                17.6499253046,
                40.03
              ],
              [
                121.6098139621,
                17.6499854866,
                39.07
              ],
              [
                121.6098242719,
                17.6500475127,
                39.07
              ],
              [
                121.6098337434,
                17.6501009054,
                38.59
              ],
              [
                121.6098432988,
                17.650157148,
                38.11
              ],
              [
                121.6098545305,
                17.6502175815,
                38.59
              ],
              [
                121.6098629124,
                17.6502807811,
                38.11
              ],
              [
                121.6098769102,
                17.6503366884,
                37.63
              ],
              [
                121.6098683607,
                17.6503918413,
                37.63
              ],
              [
                121.6098106094,
                17.6504102815,
                37.63
              ],
              [
                121.6097434703,
                17.6504311524,
                37.15
              ],
              [
                121.6096874792,
                17.6504450664,
                37.15
              ],
              [
                121.6096231062,
                17.6504598185,
                37.63
              ],
              [
                121.6095672827,
                17.6504745707,
                38.11
              ],
              [
                121.6095055919,
                17.6504903287,
                38.11
              ],
              [
                121.60944717,
                17.650504997,
                38.59
              ],
              [
                121.609393945,
                17.6505142171,
                38.59
              ],
              [
                121.6093361937,
                17.6505267899,
                38.59
              ],
              [
                121.6092808731,
                17.6505417097,
                38.59
              ],
              [
                121.6092251334,
                17.6505452301,
                38.11
              ],
              [
                121.609171154,
                17.650555959,
                38.11
              ],
              [
                121.6091270652,
                17.6505419612,
                37.15
              ],
              [
                121.6090982314,
                17.650500806,
                37.15
              ],
              [
                121.6090683918,
                17.6504625008,
                37.15
              ],
              [
                121.6090423241,
                17.6504246984,
                37.15
              ],
              [
                121.6090119816,
                17.6503811125,
                38.11
              ],
              [
                121.6089825612,
                17.6503340062,
                38.11
              ],
              [
                121.608953895,
                17.6502905041,
                38.11
              ],
              [
                121.608910393,
                17.6502825413,
                38.11
              ],
              [
                121.6088614427,
                17.6502964552,
                38.59
              ],
              [
                121.6088050324,
                17.6503117941,
                39.07
              ],
              [
                121.6087558307,
                17.6503227744,
                39.07
              ],
              [
                121.6087039467,
                17.6503262948,
                39.07
              ],
              [
                121.6086525656,
                17.6503275521,
                39.07
              ],
              [
                121.6086323652,
                17.6502841339,
                39.07
              ],
              [
                121.6086441837,
                17.6502349321,
                39.55
              ],
              [
                121.6086608637,
                17.6501862332,
                39.55
              ],
              [
                121.6086817347,
                17.6501434017,
                40.03
              ],
              [
                121.6086911224,
                17.65010342,
                40.03
              ],
              [
                121.6086957324,
                17.6500631869,
                40.03
              ],
              [
                121.6087076347,
                17.6500216126,
                40.03
              ],
              [
                121.6087187827,
                17.6499719918,
                40.03
              ],
              [
                121.6087186988,
                17.6499241311,
                40.03
              ],
              [
                121.6087035276,
                17.6498757675,
                40.99
              ],
              [
                121.6086777113,
                17.6498362888,
                40.99
              ],
              [
                121.6086685751,
                17.6497946307,
                41.47
              ],
              [
                121.608681567,
                17.6497549005,
                41.95
              ],
              [
                121.6086780466,
                17.6497102249,
                41.95
              ],
              [
                121.60869129,
                17.6496732607,
                41.95
              ],
              [
                121.6086870153,
                17.6496426668,
                42.44
              ],
              [
                121.6086818185,
                17.6496167667,
                41.95
              ],
              [
                121.6086807288,
                17.6495927107,
                41.47
              ],
              [
                121.6086942237,
                17.6495647989,
                41.47
              ],
              [
                121.6087337863,
                17.6495572552,
                40.99
              ],
              [
                121.6087658051,
                17.6495438442,
                40.99
              ],
              [
                121.6088051163,
                17.6495429222,
                40.51
              ],
              [
                121.6088396497,
                17.6495337859,
                40.03
              ],
              [
                121.6088849958,
                17.6495247334,
                39.55
              ],
              [
                121.6089322697,
                17.6495153457,
                39.55
              ],
              [
                121.6089487821,
                17.6494808123,
                39.55
              ],
              [
                121.6089461837,
                17.6494399924,
                39.07
              ],
              [
                121.6089575831,
                17.6493950654,
                38.59
              ],
              [
                121.6089596786,
                17.6493467856,
                38.11
              ],
              [
                121.6089745983,
                17.6492864359,
                38.11
              ],
              [
                121.6089859139,
                17.6492286846,
                37.63
              ],
              [
                121.6090010013,
                17.6491692569,
                37.63
              ],
              [
                121.6090211179,
                17.6491072308,
                38.11
              ],
              [
                121.6090414021,
                17.6490441989,
                37.63
              ],
              [
                121.6090725828,
                17.6489866991,
                37.63
              ],
              [
                121.6091205273,
                17.6489426102,
                37.63
              ],
              [
                121.6091636941,
                17.6489026286,
                38.11
              ],
              [
                121.6091693938,
                17.6488763094,
                38.59
              ]
            ]
          ]
        ]
      },
      "properties": {
        "_source": "imported",
        "farmer_nam": "Randy Manulaga",
        "area_ha": 1.85,
        "barangay_1": "Gadu",
        "last_name": "MANULAGA",
        "parcel_id": "Sol-Gad-010"
      }
    },
    {
      "type": "Feature",
      "geometry": {
        "type": "MultiPolygon",
        "coordinates": [
          [
            [
              [
                121.6095201764,
                17.6459318306,
                36.19
              ],
              [
                121.6095212661,
                17.6459552161,
                33.3
              ],
              [
                121.6095230263,
                17.6459415536,
                32.82
              ],
              [
                121.6095116269,
                17.6459175814,
                32.34
              ],
              [
                121.6095007304,
                17.645878857,
                32.34
              ],
              [
                121.6094908398,
                17.6458331756,
                32.34
              ],
              [
                121.6094771773,
                17.6457894221,
                32.34
              ],
              [
                121.6094664484,
                17.6457438245,
                32.34
              ],
              [
                121.6094552167,
                17.6457009092,
                32.34
              ],
              [
                121.6094444878,
                17.6456589997,
                32.34
              ],
              [
                121.6094345972,
                17.6456100494,
                32.34
              ],
              [
                121.6094231978,
                17.6455600094,
                32.34
              ],
              [
                121.6094179172,
                17.6455127355,
                32.34
              ],
              [
                121.6094191745,
                17.6454668026,
                32.34
              ],
              [
                121.6094225273,
                17.6454251446,
                32.82
              ],
              [
                121.6094233654,
                17.6453834865,
                32.82
              ],
              [
                121.6094191745,
                17.6453310158,
                32.82
              ],
              [
                121.6094129719,
                17.6452782936,
                32.34
              ],
              [
                121.6094010696,
                17.6452311035,
                32.34
              ],
              [
                121.6093967948,
                17.6451835781,
                32.82
              ],
              [
                121.6093867365,
                17.6451378968,
                32.82
              ],
              [
                121.609382797,
                17.6451005135,
                33.3
              ],
              [
                121.6093848087,
                17.6451016869,
                33.3
              ],
              [
                121.6093874909,
                17.6451032795,
                33.78
              ],
              [
                121.6093583219,
                17.6450982504,
                33.78
              ],
              [
                121.6093161609,
                17.6450999267,
                33.78
              ],
              [
                121.6092765145,
                17.6451009326,
                33.78
              ],
              [
                121.6092326771,
                17.6450928021,
                33.78
              ],
              [
                121.6091812123,
                17.6450829115,
                33.78
              ],
              [
                121.6091305856,
                17.6450709254,
                33.78
              ],
              [
                121.6090829764,
                17.6450530719,
                34.26
              ],
              [
                121.6090414021,
                17.6450369786,
                34.26
              ],
              [
                121.6089963075,
                17.6450234,
                34.26
              ],
              [
                121.6089447588,
                17.6450134255,
                34.26
              ],
              [
                121.6088903602,
                17.6449994277,
                34.74
              ],
              [
                121.6088336986,
                17.6449931413,
                34.74
              ],
              [
                121.6087840777,
                17.6449850947,
                34.74
              ],
              [
                121.6087341215,
                17.6449790597,
                34.26
              ],
              [
                121.6087251529,
                17.6449731085,
                33.78
              ],
              [
                121.6087199561,
                17.6449738629,
                33.3
              ],
              [
                121.6086971574,
                17.6449436881,
                33.78
              ],
              [
                121.6086761188,
                17.6449035387,
                33.78
              ],
              [
                121.60865793,
                17.6448553428,
                33.78
              ],
              [
                121.6086374782,
                17.6448138524,
                33.78
              ],
              [
                121.6086101532,
                17.6447738707,
                33.78
              ],
              [
                121.6085793078,
                17.644739924,
                33.78
              ],
              [
                121.6085432656,
                17.6447057258,
                33.3
              ],
              [
                121.6085087322,
                17.6446745452,
                33.78
              ],
              [
                121.6084744502,
                17.6446383353,
                33.78
              ],
              [
                121.6084359773,
                17.644604221,
                33.78
              ],
              [
                121.6084081493,
                17.6445777342,
                34.26
              ],
              [
                121.6083900444,
                17.6445358247,
                34.26
              ],
              [
                121.6083623841,
                17.6444993634,
                34.74
              ],
              [
                121.6083629709,
                17.6445003692,
                34.74
              ],
              [
                121.608368,
                17.6445027161,
                34.74
              ],
              [
                121.6083500627,
                17.6445033867,
                34.74
              ],
              [
                121.6083042976,
                17.6445234194,
                34.74
              ],
              [
                121.6082536709,
                17.6445380878,
                35.23
              ],
              [
                121.6082004458,
                17.6445496548,
                35.23
              ],
              [
                121.608146131,
                17.6445618924,
                35.71
              ],
              [
                121.6080951691,
                17.6445693523,
                35.71
              ],
              [
                121.6080432013,
                17.6445720345,
                36.19
              ],
              [
                121.6079955082,
                17.644573627,
                36.19
              ],
              [
                121.6079482343,
                17.6445670053,
                36.19
              ],
              [
                121.6079017147,
                17.6445549354,
                36.67
              ],
              [
                121.6078507528,
                17.6445520855,
                36.67
              ],
              [
                121.6078287922,
                17.6445494033,
                37.15
              ],
              [
                121.6078285407,
                17.6445530076,
                37.15
              ],
              [
                121.607827032,
                17.6445599645,
                37.63
              ],
              [
                121.6078241821,
                17.6445707772,
                37.63
              ],
              [
                121.6078267805,
                17.6445918158,
                37.63
              ],
              [
                121.6078317259,
                17.644623667,
                37.63
              ],
              [
                121.6078431252,
                17.6446511596,
                37.63
              ],
              [
                121.6078447178,
                17.6446564402,
                37.63
              ],
              [
                121.6078525968,
                17.6446803287,
                37.63
              ],
              [
                121.6078490764,
                17.6447073184,
                38.11
              ],
              [
                121.6078596376,
                17.6447396725,
                38.11
              ],
              [
                121.6078629903,
                17.6447642315,
                38.11
              ],
              [
                121.6078646667,
                17.6447758824,
                38.11
              ],
              [
                121.6078760661,
                17.6448153611,
                38.11
              ],
              [
                121.6078743897,
                17.6448432729,
                37.63
              ],
              [
                121.6078725457,
                17.6448866911,
                37.15
              ],
              [
                121.6078764014,
                17.644906221,
                37.15
              ],
              [
                121.6078758985,
                17.6449100766,
                37.15
              ],
              [
                121.6078880522,
                17.6449415088,
                37.63
              ],
              [
                121.6078929137,
                17.6449734438,
                37.63
              ],
              [
                121.6079055704,
                17.6450115815,
                37.63
              ],
              [
                121.6079121921,
                17.6450539939,
                37.63
              ],
              [
                121.6079213284,
                17.6450972445,
                38.11
              ],
              [
                121.6079236753,
                17.6451261621,
                38.59
              ],
              [
                121.6079276986,
                17.6451420039,
                38.59
              ],
              [
                121.6079336498,
                17.6451838296,
                38.59
              ],
              [
                121.6079437919,
                17.6452185307,
                38.59
              ],
              [
                121.6079513356,
                17.6452565845,
                38.59
              ],
              [
                121.6079560295,
                17.6452947222,
                38.11
              ],
              [
                121.6079663392,
                17.645336464,
                38.59
              ],
              [
                121.6079746373,
                17.645380469,
                38.11
              ],
              [
                121.6079856176,
                17.6454272401,
                38.59
              ],
              [
                121.6079950891,
                17.6454601809,
                38.59
              ],
              [
                121.6080028005,
                17.6454999112,
                38.59
              ],
              [
                121.608012775,
                17.6455482747,
                38.59
              ],
              [
                121.608017385,
                17.6455659606,
                39.07
              ],
              [
                121.6080199834,
                17.6455762703,
                39.07
              ],
              [
                121.608021073,
                17.6455736719,
                39.07
              ],
              [
                121.6080236714,
                17.6455716603,
                39.07
              ],
              [
                121.6080307961,
                17.6455735043,
                38.59
              ],
              [
                121.6080605518,
                17.6455699839,
                38.59
              ],
              [
                121.608101204,
                17.6455648709,
                38.59
              ],
              [
                121.6081368271,
                17.6455566566,
                38.59
              ],
              [
                121.6081711929,
                17.6455530524,
                38.59
              ],
              [
                121.6082120966,
                17.6455465984,
                38.59
              ],
              [
                121.6082460433,
                17.6455392223,
                38.59
              ],
              [
                121.6082840133,
                17.6455315948,
                38.59
              ],
              [
                121.6083106678,
                17.6455268171,
                38.59
              ],
              [
                121.6083483025,
                17.6455168426,
                38.59
              ],
              [
                121.6083822493,
                17.6455031801,
                39.07
              ],
              [
                121.6084187105,
                17.6454932895,
                39.07
              ],
              [
                121.6084589437,
                17.6454852428,
                38.59
              ],
              [
                121.6084936447,
                17.6454841532,
                38.59
              ],
              [
                121.6085344646,
                17.6454787888,
                38.59
              ],
              [
                121.6085799783,
                17.6454696525,
                38.11
              ],
              [
                121.6086249892,
                17.6454621926,
                38.59
              ],
              [
                121.6086744424,
                17.645454146,
                38.59
              ],
              [
                121.6087248176,
                17.6454428304,
                38.11
              ],
              [
                121.6087718401,
                17.6454280782,
                38.11
              ],
              [
                121.6088248137,
                17.6454183552,
                38.59
              ],
              [
                121.6088609397,
                17.6454134099,
                38.59
              ],
              [
                121.6088602692,
                17.6454142481,
                38.59
              ],
              [
                121.6088590957,
                17.6454155892,
                38.59
              ],
              [
                121.6088614427,
                17.6454174332,
                38.59
              ],
              [
                121.608883068,
                17.6454310119,
                38.59
              ],
              [
                121.6088915337,
                17.6454729214,
                39.07
              ],
              [
                121.6089041904,
                17.6455126517,
                38.59
              ],
              [
                121.6089175176,
                17.6455522981,
                38.59
              ],
              [
                121.6089222953,
                17.6455957163,
                38.59
              ],
              [
                121.6089392267,
                17.6456367038,
                38.59
              ],
              [
                121.6089559067,
                17.6456744224,
                38.11
              ],
              [
                121.6089697368,
                17.6457156613,
                38.11
              ],
              [
                121.6089797113,
                17.6457646117,
                38.11
              ],
              [
                121.6089958046,
                17.6458085328,
                38.11
              ],
              [
                121.6090123169,
                17.6458521187,
                37.63
              ],
              [
                121.6090227943,
                17.6458972972,
                38.11
              ],
              [
                121.6090279911,
                17.6459397096,
                38.11
              ],
              [
                121.6090407316,
                17.6459862292,
                38.11
              ],
              [
                121.60904794,
                17.6460294798,
                38.11
              ],
              [
                121.6090485267,
                17.6460323296,
                38.11
              ],
              [
                121.6090485267,
                17.6460317429,
                38.59
              ],
              [
                121.6090478562,
                17.6460311562,
                38.59
              ],
              [
                121.6090472694,
                17.6460310724,
                38.59
              ],
              [
                121.6090697329,
                17.6460247021,
                38.11
              ],
              [
                121.6091036797,
                17.646017829,
                37.63
              ],
              [
                121.6091436613,
                17.6460063457,
                37.63
              ],
              [
                121.6091796197,
                17.6460001431,
                37.63
              ],
              [
                121.6092172544,
                17.6459906716,
                37.15
              ],
              [
                121.6092552245,
                17.645982625,
                37.15
              ],
              [
                121.6092856508,
                17.6459736563,
                37.15
              ],
              [
                121.6093241237,
                17.6459643524,
                37.15
              ],
              [
                121.6093632672,
                17.6459543779,
                37.63
              ],
              [
                121.6094069369,
                17.6459392067,
                37.63
              ],
              [
                121.609450439,
                17.6459180005,
                38.11
              ],
              [
                121.6094939411,
                17.6459199283,
                37.63
              ],
              [
                121.6095133033,
                17.6459273044,
                37.15
              ],
              [
                121.6095260438,
                17.6459358539,
                36.67
              ],
              [
                121.6095201764,
                17.6459318306,
                36.19
              ]
            ]
          ]
        ]
      },
      "properties": {
        "_source": "imported",
        "farmer_nam": "Juan Dulin",
        "area_ha": 1.47,
        "barangay_1": "Gadu",
        "last_name": "DULIN",
        "parcel_id": "Sol-Gad-006"
      }
    },
    {
      "type": "Feature",
      "geometry": {
        "type": "MultiPolygon",
        "coordinates": [
          [
            [
              [
                121.6080437042,
                17.6455812156,
                35.71
              ],
              [
                121.6080226656,
                17.6455875859,
                37.15
              ],
              [
                121.6080163792,
                17.6455785334,
                36.67
              ],
              [
                121.6080110148,
                17.6455603447,
                36.19
              ],
              [
                121.6080065724,
                17.6455269847,
                35.71
              ],
              [
                121.6079986095,
                17.6454955526,
                35.71
              ],
              [
                121.6079944186,
                17.6454699878,
                35.23
              ],
              [
                121.6079818457,
                17.6454321016,
                35.23
              ],
              [
                121.6079759784,
                17.6453926228,
                35.23
              ],
              [
                121.6079674289,
                17.6453544013,
                35.71
              ],
              [
                121.6079589631,
                17.6453186944,
                35.71
              ],
              [
                121.6079510003,
                17.6452785451,
                35.23
              ],
              [
                121.6079319734,
                17.6452455204,
                35.23
              ],
              [
                121.6079309676,
                17.6452054549,
                35.71
              ],
              [
                121.607931722,
                17.6451702509,
                35.23
              ],
              [
                121.6079249326,
                17.6451376453,
                35.71
              ],
              [
                121.6079175565,
                17.6451033633,
                35.71
              ],
              [
                121.6079097614,
                17.6450694166,
                35.71
              ],
              [
                121.6078907344,
                17.6450308599,
                35.23
              ],
              [
                121.6078894772,
                17.6449910458,
                35.23
              ],
              [
                121.6078767367,
                17.6449503098,
                34.74
              ],
              [
                121.6078665946,
                17.6449087355,
                35.23
              ],
              [
                121.6078606434,
                17.6448664907,
                35.71
              ],
              [
                121.6078593861,
                17.6448343042,
                35.71
              ],
              [
                121.6078587994,
                17.6448343042,
                35.71
              ],
              [
                121.6078556143,
                17.6448344719,
                36.19
              ],
              [
                121.6078393534,
                17.6448387466,
                36.19
              ],
              [
                121.6078138724,
                17.6448471285,
                35.71
              ],
              [
                121.6078071669,
                17.6448513195,
                36.19
              ],
              [
                121.6078053229,
                17.6448503137,
                36.67
              ],
              [
                121.607766347,
                17.6448638085,
                37.15
              ],
              [
                121.6077512596,
                17.6448673289,
                37.15
              ],
              [
                121.607731143,
                17.6448818296,
                37.63
              ],
              [
                121.607709853,
                17.6448952407,
                37.63
              ],
              [
                121.607677415,
                17.6449054666,
                36.67
              ],
              [
                121.607643133,
                17.6449157763,
                36.67
              ],
              [
                121.6076219268,
                17.6449255832,
                36.67
              ],
              [
                121.6075803526,
                17.6449405029,
                36.67
              ],
              [
                121.6075487528,
                17.6449501421,
                36.67
              ],
              [
                121.6075323243,
                17.6449620444,
                36.67
              ],
              [
                121.6074934322,
                17.6449756231,
                36.67
              ],
              [
                121.6074584797,
                17.6449786406,
                36.67
              ],
              [
                121.6074214317,
                17.6449832506,
                36.67
              ],
              [
                121.6073943581,
                17.6450039539,
                36.67
              ],
              [
                121.6073618364,
                17.6450188737,
                37.15
              ],
              [
                121.6073267162,
                17.6450126711,
                37.15
              ],
              [
                121.6073086113,
                17.6450189576,
                37.63
              ],
              [
                121.6072874051,
                17.6450213045,
                37.63
              ],
              [
                121.607261505,
                17.6450198796,
                37.63
              ],
              [
                121.6072354373,
                17.6450304408,
                37.63
              ],
              [
                121.607199898,
                17.6450414211,
                37.63
              ],
              [
                121.6071703937,
                17.6450557541,
                37.63
              ],
              [
                121.6071491037,
                17.6450655609,
                38.11
              ],
              [
                121.607127646,
                17.6450879406,
                37.63
              ],
              [
                121.607109122,
                17.6451057941,
                37.63
              ],
              [
                121.6070919391,
                17.6451264974,
                37.15
              ],
              [
                121.6070797853,
                17.6451372262,
                37.15
              ],
              [
                121.6070639435,
                17.6451622043,
                37.15
              ],
              [
                121.6070486046,
                17.6451899484,
                37.63
              ],
              [
                121.6070258897,
                17.6452178601,
                37.63
              ],
              [
                121.6070103832,
                17.6452372223,
                37.63
              ],
              [
                121.6069890931,
                17.6452620327,
                37.63
              ],
              [
                121.6069778614,
                17.6452699956,
                37.63
              ],
              [
                121.6069657914,
                17.6452953089,
                37.63
              ],
              [
                121.6069445014,
                17.6453225501,
                37.63
              ],
              [
                121.6069237981,
                17.6453555748,
                37.63
              ],
              [
                121.6068992391,
                17.6453860849,
                37.15
              ],
              [
                121.6068725009,
                17.6454157569,
                37.15
              ],
              [
                121.6068587545,
                17.6454410702,
                37.15
              ],
              [
                121.6068544798,
                17.6454473566,
                37.15
              ],
              [
                121.606853893,
                17.645447189,
                37.63
              ],
              [
                121.6068523005,
                17.6454471052,
                37.63
              ],
              [
                121.6068503726,
                17.6454473566,
                38.11
              ],
              [
                121.6068484448,
                17.6454498712,
                38.59
              ],
              [
                121.6068503726,
                17.6454670541,
                38.11
              ],
              [
                121.6068497021,
                17.6454756036,
                38.11
              ],
              [
                121.606850205,
                17.6454940438,
                38.11
              ],
              [
                121.6068473551,
                17.6455082931,
                38.11
              ],
              [
                121.6068585031,
                17.6455336902,
                38.11
              ],
              [
                121.6068763565,
                17.6455701515,
                38.59
              ],
              [
                121.6068833135,
                17.6456026733,
                39.07
              ],
              [
                121.6068966407,
                17.6456391346,
                39.07
              ],
              [
                121.6069018375,
                17.645672746,
                39.55
              ],
              [
                121.6069084592,
                17.6456990652,
                39.07
              ],
              [
                121.6069153324,
                17.6457284018,
                38.59
              ],
              [
                121.6069201939,
                17.6457469258,
                39.07
              ],
              [
                121.6069310904,
                17.6457745861,
                39.07
              ],
              [
                121.606943747,
                17.6458133105,
                39.07
              ],
              [
                121.6069514584,
                17.6458511967,
                39.55
              ],
              [
                121.6069560684,
                17.6458843891,
                40.03
              ],
              [
                121.6069590859,
                17.6459027454,
                40.03
              ],
              [
                121.6069626901,
                17.6459014043,
                39.55
              ],
              [
                121.6069738381,
                17.6459022425,
                39.55
              ],
              [
                121.6070011631,
                17.6459029131,
                39.55
              ],
              [
                121.6070116404,
                17.6458967943,
                39.07
              ],
              [
                121.6070333496,
                17.64588397,
                39.07
              ],
              [
                121.6070556454,
                17.6458784379,
                39.07
              ],
              [
                121.607066961,
                17.6458705589,
                39.07
              ],
              [
                121.6070910171,
                17.6458615903,
                39.55
              ],
              [
                121.6071206052,
                17.6458501909,
                39.55
              ],
              [
                121.607142901,
                17.6458482631,
                40.03
              ],
              [
                121.607169807,
                17.6458356902,
                40.03
              ],
              [
                121.6071997304,
                17.6458253805,
                40.03
              ],
              [
                121.6072314139,
                17.6458184235,
                40.03
              ],
              [
                121.6072511952,
                17.6458136458,
                39.55
              ],
              [
                121.6072813701,
                17.6458045933,
                39.55
              ],
              [
                121.607316155,
                17.645793194,
                39.07
              ],
              [
                121.6073566396,
                17.6457751729,
                39.07
              ],
              [
                121.607393939,
                17.6457599178,
                39.07
              ],
              [
                121.6074390337,
                17.6457387954,
                38.59
              ],
              [
                121.6074780095,
                17.6457232051,
                39.07
              ],
              [
                121.6075155605,
                17.6457040943,
                39.07
              ],
              [
                121.6075534467,
                17.645695461,
                39.07
              ],
              [
                121.6075844597,
                17.6456869114,
                38.59
              ],
              [
                121.6076307278,
                17.6456848998,
                38.59
              ],
              [
                121.6076697037,
                17.6456679683,
                38.11
              ],
              [
                121.6077077575,
                17.6456646156,
                37.63
              ],
              [
                121.6077486612,
                17.6456554793,
                37.63
              ],
              [
                121.6077893972,
                17.6456448343,
                37.63
              ],
              [
                121.6078218352,
                17.6456377935,
                37.15
              ],
              [
                121.6078644153,
                17.6456247177,
                37.15
              ],
              [
                121.6079018824,
                17.6456108876,
                37.15
              ],
              [
                121.607941445,
                17.6456017513,
                36.67
              ],
              [
                121.6079756431,
                17.6455902681,
                36.19
              ],
              [
                121.608020151,
                17.6455836464,
                36.19
              ],
              [
                121.6080437042,
                17.6455812156,
                35.71
              ]
            ]
          ]
        ]
      },
      "properties": {
        "_source": "imported",
        "farmer_nam": "Juan Dulin",
        "area_ha": 0.91,
        "barangay_1": "Gadu",
        "last_name": "DULIN",
        "parcel_id": "Sol-Gad-007"
      }
    },
    {
      "type": "Feature",
      "geometry": {
        "type": "MultiPolygon",
        "coordinates": [
          [
            [
              [
                121.6105689202,
                17.6481978782,
                37.15
              ],
              [
                121.6105679143,
                17.6481980458,
                37.15
              ],
              [
                121.6105471272,
                17.6481476706,
                37.15
              ],
              [
                121.6105203051,
                17.6480972953,
                36.67
              ],
              [
                121.6104913875,
                17.6480473392,
                36.67
              ],
              [
                121.6104628891,
                17.6480004843,
                37.15
              ],
              [
                121.6104275174,
                17.647953881,
                37.15
              ],
              [
                121.6103874519,
                17.6479094569,
                37.15
              ],
              [
                121.6103509907,
                17.6478576567,
                37.63
              ],
              [
                121.6103129368,
                17.6478040125,
                37.63
              ],
              [
                121.6102707759,
                17.6477476023,
                37.63
              ],
              [
                121.6102244239,
                17.6476919465,
                37.63
              ],
              [
                121.6101809219,
                17.6476373803,
                38.11
              ],
              [
                121.6101401858,
                17.6475815568,
                37.63
              ],
              [
                121.6101092566,
                17.6475264039,
                37.15
              ],
              [
                121.6100758966,
                17.6474701613,
                37.15
              ],
              [
                121.6100430395,
                17.647415176,
                37.15
              ],
              [
                121.6100143734,
                17.6473618671,
                37.15
              ],
              [
                121.60998445,
                17.6473051216,
                37.15
              ],
              [
                121.6099546105,
                17.6472482085,
                37.15
              ],
              [
                121.609927034,
                17.647188697,
                37.15
              ],
              [
                121.6099018045,
                17.6471286826,
                37.15
              ],
              [
                121.6098774131,
                17.6470646448,
                37.15
              ],
              [
                121.6098542791,
                17.6470025349,
                37.15
              ],
              [
                121.6098348331,
                17.6469415985,
                37.15
              ],
              [
                121.6098155547,
                17.646881165,
                36.67
              ],
              [
                121.6097918339,
                17.6468168758,
                36.67
              ],
              [
                121.6097727232,
                17.6467569452,
                36.67
              ],
              [
                121.6097369324,
                17.6467296202,
                36.67
              ],
              [
                121.6096707154,
                17.6467395946,
                36.67
              ],
              [
                121.6096095275,
                17.646753341,
                36.67
              ],
              [
                121.6095545422,
                17.6467685122,
                36.19
              ],
              [
                121.6094910912,
                17.6467818394,
                36.67
              ],
              [
                121.6094493493,
                17.6468048897,
                36.67
              ],
              [
                121.6094523668,
                17.6468577795,
                37.15
              ],
              [
                121.6094681248,
                17.646920057,
                36.67
              ],
              [
                121.6094791051,
                17.6469801553,
                36.67
              ],
              [
                121.6094980482,
                17.647039583,
                36.67
              ],
              [
                121.6095136385,
                17.6471014414,
                36.67
              ],
              [
                121.6095293965,
                17.6471564267,
                36.19
              ],
              [
                121.6095402092,
                17.6472142618,
                36.67
              ],
              [
                121.6095558833,
                17.6472743601,
                36.67
              ],
              [
                121.6095705517,
                17.6473327819,
                37.63
              ],
              [
                121.6095934343,
                17.6473839115,
                38.11
              ],
              [
                121.609617155,
                17.6474473625,
                37.63
              ],
              [
                121.6096381936,
                17.6475057006,
                37.63
              ],
              [
                121.6096596513,
                17.6475614402,
                37.15
              ],
              [
                121.6096747387,
                17.6476210356,
                37.15
              ],
              [
                121.6096902452,
                17.6476808824,
                37.15
              ],
              [
                121.6097143851,
                17.6477387175,
                36.67
              ],
              [
                121.6097324062,
                17.6478015818,
                36.67
              ],
              [
                121.609752439,
                17.6478679664,
                37.15
              ],
              [
                121.6097715497,
                17.6479309984,
                36.67
              ],
              [
                121.6097904928,
                17.6479925215,
                36.67
              ],
              [
                121.6098097712,
                17.648053458,
                37.15
              ],
              [
                121.6098303068,
                17.6481088623,
                37.15
              ],
              [
                121.609850591,
                17.6481693797,
                37.63
              ],
              [
                121.6098759882,
                17.6482294779,
                37.63
              ],
              [
                121.6098957695,
                17.6482902467,
                37.15
              ],
              [
                121.6099079233,
                17.6483440585,
                37.15
              ],
              [
                121.6099259444,
                17.6483960263,
                37.63
              ],
              [
                121.6099490784,
                17.6484462339,
                37.63
              ],
              [
                121.6099607293,
                17.6484748162,
                37.63
              ],
              [
                121.6099735536,
                17.6485127863,
                37.63
              ],
              [
                121.6100289579,
                17.64852033,
                37.63
              ],
              [
                121.6100904811,
                17.6485230122,
                37.63
              ],
              [
                121.6101365816,
                17.6485228445,
                37.63
              ],
              [
                121.6101650801,
                17.6485650893,
                38.11
              ],
              [
                121.6102082469,
                17.648577746,
                37.63
              ],
              [
                121.6102486476,
                17.6485376805,
                37.63
              ],
              [
                121.6102847736,
                17.648495771,
                37.63
              ],
              [
                121.6103290301,
                17.6484583039,
                37.63
              ],
              [
                121.610364737,
                17.6484183222,
                37.63
              ],
              [
                121.6104011983,
                17.6483718026,
                37.63
              ],
              [
                121.6104352288,
                17.6483293902,
                37.15
              ],
              [
                121.6104816645,
                17.6482855529,
                37.15
              ],
              [
                121.6105160303,
                17.6482485887,
                36.67
              ],
              [
                121.610553246,
                17.6482082717,
                36.67
              ],
              [
                121.6105812415,
                17.6481824555,
                37.63
              ],
              [
                121.6105836723,
                17.6481833775,
                37.63
              ],
              [
                121.6105689202,
                17.6481978782,
                37.15
              ]
            ]
          ]
        ]
      },
      "properties": {
        "_source": "imported",
        "farmer_nam": "Mario Manulaga",
        "area_ha": 1.02,
        "barangay_1": "Gadu",
        "last_name": "MANULAGA",
        "parcel_id": "Sol-Gad-008"
      }
    },
    {
      "type": "Feature",
      "geometry": {
        "type": "MultiPolygon",
        "coordinates": [
          [
            [
              [
                121.6098020598,
                17.6469928958,
                37.15
              ],
              [
                121.6098165605,
                17.6469620503,
                37.15
              ],
              [
                121.609818656,
                17.6469738688,
                37.15
              ],
              [
                121.6098359227,
                17.6470222324,
                37.15
              ],
              [
                121.6098588891,
                17.64707244,
                37.63
              ],
              [
                121.6098769102,
                17.6471228991,
                37.63
              ],
              [
                121.6098980326,
                17.6471726038,
                37.63
              ],
              [
                121.6099265311,
                17.647228092,
                37.63
              ],
              [
                121.6099435464,
                17.6472768746,
                37.63
              ],
              [
                121.6099698655,
                17.6473233942,
                37.15
              ],
              [
                121.6099949274,
                17.6473729312,
                37.15
              ],
              [
                121.6100199893,
                17.647421211,
                37.15
              ],
              [
                121.6100470629,
                17.647468904,
                36.67
              ],
              [
                121.6100762319,
                17.6475173514,
                36.67
              ],
              [
                121.6101056524,
                17.647564793,
                36.67
              ],
              [
                121.6101370007,
                17.6476118155,
                36.67
              ],
              [
                121.6101695225,
                17.6476604305,
                36.67
              ],
              [
                121.6102094203,
                17.6477105543,
                36.67
              ],
              [
                121.6102463007,
                17.6477584988,
                37.15
              ],
              [
                121.6102795769,
                17.6478018332,
                37.15
              ],
              [
                121.6103202291,
                17.647845922,
                37.15
              ],
              [
                121.6103540082,
                17.6478854846,
                37.15
              ],
              [
                121.6103903018,
                17.647930244,
                37.63
              ],
              [
                121.6104248352,
                17.6479704771,
                37.63
              ],
              [
                121.6104639787,
                17.6479989756,
                37.63
              ],
              [
                121.6104864422,
                17.6480369456,
                37.63
              ],
              [
                121.6105088219,
                17.6480849739,
                37.15
              ],
              [
                121.6105360631,
                17.6481261291,
                37.63
              ],
              [
                121.6105534974,
                17.6481625903,
                37.63
              ],
              [
                121.6105955746,
                17.6481550466,
                37.15
              ],
              [
                121.6106461175,
                17.6481353492,
                37.15
              ],
              [
                121.6106887814,
                17.6481044199,
                36.67
              ],
              [
                121.6107397433,
                17.6480920985,
                36.67
              ],
              [
                121.6107852571,
                17.6480699703,
                36.67
              ],
              [
                121.6108238138,
                17.6480547152,
                36.19
              ],
              [
                121.6108239815,
                17.648018254,
                36.19
              ],
              [
                121.6108315252,
                17.6479780208,
                36.19
              ],
              [
                121.6108323634,
                17.6479221135,
                36.67
              ],
              [
                121.6108373087,
                17.6478698943,
                35.71
              ],
              [
                121.6108313575,
                17.6478153281,
                36.19
              ],
              [
                121.6108306032,
                17.6477572415,
                36.19
              ],
              [
                121.6108269151,
                17.6477050222,
                36.19
              ],
              [
                121.6108223889,
                17.6476519648,
                36.19
              ],
              [
                121.6108205449,
                17.6475956384,
                36.19
              ],
              [
                121.6108141746,
                17.6475437544,
                36.19
              ],
              [
                121.6108083073,
                17.6474861708,
                35.71
              ],
              [
                121.610801015,
                17.6474316046,
                35.71
              ],
              [
                121.6107962374,
                17.6473801397,
                35.71
              ],
              [
                121.6107914597,
                17.6473254059,
                35.71
              ],
              [
                121.6107810661,
                17.6472731028,
                35.71
              ],
              [
                121.6107674874,
                17.6472215541,
                35.71
              ],
              [
                121.6107666492,
                17.6471696701,
                35.71
              ],
              [
                121.6107622907,
                17.6471184567,
                35.23
              ],
              [
                121.6107553337,
                17.6470623817,
                35.23
              ],
              [
                121.6107525676,
                17.647008989,
                35.23
              ],
              [
                121.6107507236,
                17.6469568536,
                35.23
              ],
              [
                121.6107456945,
                17.6469013654,
                34.74
              ],
              [
                121.6107477061,
                17.6468477212,
                34.74
              ],
              [
                121.6107431799,
                17.646794077,
                34.74
              ],
              [
                121.6107384861,
                17.6467411034,
                34.26
              ],
              [
                121.6107358038,
                17.6466844417,
                34.26
              ],
              [
                121.6107294336,
                17.6466313004,
                34.26
              ],
              [
                121.6107330378,
                17.6465789136,
                34.74
              ],
              [
                121.6107325349,
                17.6465266943,
                34.74
              ],
              [
                121.6107306071,
                17.6464721281,
                34.26
              ],
              [
                121.6107283439,
                17.6464169752,
                34.26
              ],
              [
                121.6107167769,
                17.6463598106,
                34.74
              ],
              [
                121.6107022762,
                17.6463095192,
                34.74
              ],
              [
                121.6106833331,
                17.6462602336,
                34.74
              ],
              [
                121.6106601153,
                17.6462096907,
                34.74
              ],
              [
                121.6106375679,
                17.6461625844,
                34.74
              ],
              [
                121.6106099915,
                17.6461151429,
                34.74
              ],
              [
                121.6105792299,
                17.6460662764,
                34.74
              ],
              [
                121.6105531622,
                17.6460134704,
                35.23
              ],
              [
                121.6105323751,
                17.6459954493,
                35.71
              ],
              [
                121.6104745399,
                17.6460114587,
                35.71
              ],
              [
                121.6104145255,
                17.6460197568,
                35.71
              ],
              [
                121.610397175,
                17.6460213494,
                35.71
              ],
              [
                121.6103810817,
                17.6459671184,
                35.23
              ],
              [
                121.6103718616,
                17.6459096186,
                35.23
              ],
              [
                121.6103514098,
                17.6458539627,
                35.23
              ],
              [
                121.6103322152,
                17.6458009891,
                35.23
              ],
              [
                121.6102921497,
                17.645771401,
                35.71
              ],
              [
                121.6102312133,
                17.6457596663,
                35.71
              ],
              [
                121.6101710312,
                17.6457498595,
                35.71
              ],
              [
                121.6101639904,
                17.6457663719,
                36.19
              ],
              [
                121.6101676784,
                17.6458128076,
                36.19
              ],
              [
                121.610159548,
                17.6458656136,
                35.71
              ],
              [
                121.6101625655,
                17.6459278073,
                35.71
              ],
              [
                121.6101626493,
                17.6459894981,
                35.71
              ],
              [
                121.6101654992,
                17.6460475009,
                36.19
              ],
              [
                121.6101759765,
                17.6460995525,
                35.71
              ],
              [
                121.6101890523,
                17.6461528614,
                35.71
              ],
              [
                121.6101991106,
                17.6462087687,
                35.71
              ],
              [
                121.6102078278,
                17.6462581381,
                36.19
              ],
              [
                121.6102155391,
                17.6463143807,
                36.19
              ],
              [
                121.6102310456,
                17.6463699527,
                36.67
              ],
              [
                121.6102323029,
                17.6464279555,
                36.67
              ],
              [
                121.6102371644,
                17.6464894786,
                37.15
              ],
              [
                121.6102473903,
                17.6465401892,
                37.15
              ],
              [
                121.6102505755,
                17.6465940848,
                37.15
              ],
              [
                121.6102613881,
                17.6466446277,
                37.15
              ],
              [
                121.6102639865,
                17.646693578,
                37.15
              ],
              [
                121.6102724522,
                17.6467465516,
                37.15
              ],
              [
                121.6102796607,
                17.6467999443,
                37.15
              ],
              [
                121.6102892999,
                17.6468503196,
                37.15
              ],
              [
                121.610277649,
                17.6468854398,
                36.67
              ],
              [
                121.6102397628,
                17.6469011977,
                36.67
              ],
              [
                121.6101844423,
                17.6468984317,
                36.67
              ],
              [
                121.6101335641,
                17.6469063945,
                36.67
              ],
              [
                121.6100877989,
                17.6469139382,
                36.67
              ],
              [
                121.6100395191,
                17.6469326299,
                37.15
              ],
              [
                121.6099818517,
                17.6469465438,
                36.67
              ],
              [
                121.6099256929,
                17.646962218,
                37.15
              ],
              [
                121.6098651756,
                17.6469813287,
                36.67
              ],
              [
                121.6098206677,
                17.646987699,
                36.67
              ],
              [
                121.6098025627,
                17.6469928958,
                36.67
              ],
              [
                121.6098020598,
                17.6469928958,
                37.15
              ]
            ]
          ]
        ]
      },
      "properties": {
        "_source": "imported",
        "farmer_nam": "Narcisa Espada",
        "area_ha": 1.51,
        "barangay_1": "Gadu",
        "last_name": "ESPADA",
        "parcel_id": "Sol-Gad-009"
      }
    }
  ]
}